asset,timeframe,price_bucket,left_bucket,fills,markets,usdc,winrate,winrate_shares,avg_entry,ev_per_usd,ev_se,pnl,max_drawdown,maker_share
bnb,15m,0.10-0.30,20-50% left,237,140,294.43,0.2996,0.2743,0.1742,0.5702,0.4267,167.9,42.26,0.962
bnb,15m,0.10-0.30,5-20% left,162,77,308.03,0.2654,0.2969,0.1994,0.4802,0.413,147.9,79.77,0.938
bnb,15m,0.10-0.30,>50% left,672,335,855.98,0.25,0.2301,0.1945,0.1811,0.2799,155.01,127.07,0.979
bnb,15m,0.10-0.30,last 5%,34,26,55.83,0.6471,0.5834,0.1994,1.9192,0.8238,107.15,12.16,0.971
bnb,15m,0.30-0.50,20-50% left,372,176,1132.31,0.4516,0.3592,0.3988,-0.1017,0.1859,-115.15,255.29,0.97
bnb,15m,0.30-0.50,5-20% left,112,64,472.55,0.5625,0.4349,0.403,0.0781,0.2396,36.88,51.87,0.964
bnb,15m,0.30-0.50,>50% left,1360,519,1701.62,0.4801,0.4959,0.4001,0.2357,0.1158,401.12,111.61,0.975
bnb,15m,0.30-0.50,last 5%,14,12,53.55,0.5714,0.6519,0.3349,0.9468,0.61,50.7,17.84,1.0
bnb,15m,0.50-0.70,20-50% left,427,221,1940.13,0.63,0.4147,0.5983,-0.3079,0.1109,-597.42,661.43,0.96
bnb,15m,0.50-0.70,5-20% left,100,65,786.1,0.77,0.5037,0.5804,-0.1332,0.1954,-104.73,286.6,0.93
bnb,15m,0.50-0.70,>50% left,978,409,1901.08,0.6391,0.5199,0.5874,-0.1166,0.1056,-221.71,372.69,0.978
bnb,15m,0.50-0.70,last 5%,10,9,70.11,0.9,0.9569,0.6038,0.5848,0.0847,41.0,2.95,1.0
bnb,15m,0.70-0.90,20-50% left,297,182,1659.08,0.7744,0.6821,0.792,-0.1401,0.0925,-232.38,235.28,0.929
bnb,15m,0.70-0.90,5-20% left,103,64,1031.15,0.7961,0.6484,0.7722,-0.1638,0.1313,-168.87,252.21,0.816
bnb,15m,0.70-0.90,>50% left,528,264,2417.38,0.8106,0.8493,0.7938,0.0687,0.0481,166.02,72.25,0.951
bnb,15m,0.70-0.90,last 5%,33,25,335.1,0.9091,0.7407,0.7897,-0.0642,0.1488,-21.51,63.04,0.727
bnb,15m,0.90-0.97,20-50% left,65,51,1110.15,0.9692,0.9866,0.9382,0.0513,0.0152,56.93,15.29,0.846
bnb,15m,0.90-0.97,5-20% left,52,46,1234.68,0.9808,0.9847,0.9423,0.043,0.0162,53.15,18.4,0.654
bnb,15m,0.90-0.97,>50% left,61,39,997.12,0.9836,0.9953,0.9291,0.0707,0.0064,70.54,4.75,0.82
bnb,15m,0.90-0.97,last 5%,25,14,394.26,1.0,1.0,0.9417,0.06,0.007,23.67,0.0,0.84
bnb,15m,<0.10,20-50% left,142,102,62.01,0.0775,0.0826,0.0441,0.868,1.032,53.83,19.32,0.965
bnb,15m,<0.10,5-20% left,71,58,40.34,0.1549,0.1247,0.0369,2.3275,1.3364,93.9,13.56,0.845
bnb,15m,<0.10,>50% left,153,97,133.35,0.085,0.0988,0.0522,0.8898,0.7576,118.65,60.23,0.974
bnb,15m,<0.10,last 5%,8,8,10.5,0.5,0.4602,0.0481,8.5294,1.8695,89.54,1.64,0.875
bnb,15m,>=0.97,20-50% left,49,40,1328.76,1.0,1.0,0.9887,0.0107,0.0014,14.26,0.0,0.102
bnb,15m,>=0.97,5-20% left,68,60,1653.24,0.9853,0.997,0.9891,0.0076,0.0034,12.52,4.91,0.176
bnb,15m,>=0.97,>50% left,9,8,221.95,1.0,1.0,0.984,0.0155,0.0033,3.44,0.0,0.111
bnb,15m,>=0.97,last 5%,72,65,1429.12,1.0,1.0,0.9858,0.014,0.0016,19.94,0.0,0.25
bnb,1d,0.10-0.30,20-50% left,60,32,237.31,0.4167,0.3065,0.1931,0.573,0.7386,135.99,83.84,0.783
bnb,1d,0.10-0.30,5-20% left,71,28,242.99,0.2958,0.1596,0.1819,-0.1319,0.2897,-32.05,83.35,0.718
bnb,1d,0.10-0.30,>50% left,64,25,269.93,0.1875,0.1951,0.2144,-0.097,0.4983,-26.19,112.34,0.797
bnb,1d,0.10-0.30,last 5%,14,8,55.98,0.1429,0.015,0.1302,-0.8894,0.1241,-49.79,49.79,0.429
bnb,1d,0.30-0.50,20-50% left,95,33,556.41,0.4737,0.3989,0.4143,-0.0418,0.2603,-23.27,99.64,0.832
bnb,1d,0.30-0.50,5-20% left,66,27,664.42,0.3636,0.4152,0.4063,0.0169,0.3531,11.23,214.76,0.697
bnb,1d,0.30-0.50,>50% left,144,38,801.25,0.4167,0.3918,0.3987,-0.028,0.1766,-22.46,130.5,0.771
bnb,1d,0.30-0.50,last 5%,3,2,46.58,0.3333,0.0113,0.3096,-0.9636,0.0717,-44.88,45.88,1.0
bnb,1d,0.50-0.70,20-50% left,174,43,2454.55,0.6609,0.7019,0.6076,0.1533,0.1279,376.28,229.66,0.92
bnb,1d,0.50-0.70,5-20% left,151,31,2171.53,0.6821,0.6282,0.6062,0.033,0.1408,71.74,335.61,0.868
bnb,1d,0.50-0.70,>50% left,237,57,3618.89,0.6371,0.6394,0.6093,0.0487,0.0981,176.19,283.76,0.941
bnb,1d,0.50-0.70,last 5%,3,3,11.17,1.0,1.0,0.5749,0.7394,0.0309,8.26,0.0,1.0
bnb,1d,0.70-0.90,20-50% left,154,52,3633.37,0.7662,0.7733,0.7785,-0.0067,0.1109,-24.28,354.69,1.0
bnb,1d,0.70-0.90,5-20% left,100,43,2084.45,0.7,0.6934,0.7873,-0.1201,0.1098,-250.35,391.53,0.92
bnb,1d,0.70-0.90,>50% left,151,44,3528.28,0.9139,0.9001,0.7747,0.1614,0.0657,569.47,177.28,0.947
bnb,1d,0.70-0.90,last 5%,18,9,478.34,1.0,1.0,0.8291,0.205,0.0265,98.08,0.0,0.889
bnb,1d,0.90-0.97,20-50% left,26,9,1093.14,0.9615,0.9708,0.924,0.0507,0.0346,55.37,31.1,1.0
bnb,1d,0.90-0.97,5-20% left,30,15,1080.39,1.0,1.0,0.9313,0.0733,0.005,79.23,0.0,0.933
bnb,1d,0.90-0.97,>50% left,3,3,223.72,1.0,1.0,0.9283,0.0772,0.0094,17.28,0.0,1.0
bnb,1d,0.90-0.97,last 5%,20,14,634.38,1.0,1.0,0.9419,0.0612,0.0051,38.81,0.0,0.85
bnb,1d,<0.10,20-50% left,10,9,26.64,0.1,0.1346,0.0847,0.5749,1.8313,15.31,20.98,0.7
bnb,1d,<0.10,5-20% left,32,16,21.73,0.0312,0.0114,0.0449,-0.7473,0.2726,-16.24,16.24,0.844
bnb,1d,<0.10,>50% left,4,1,10.5,0.0,0.0,0.0525,-1.0,,-10.5,10.5,1.0
bnb,1d,<0.10,last 5%,46,14,33.23,0.0,0.0,0.0266,-1.0,0.0,-33.23,33.23,0.783
bnb,1d,>=0.97,5-20% left,1,1,42.43,1.0,1.0,0.971,0.0299,,1.27,0.0,1.0
bnb,1d,>=0.97,last 5%,10,6,784.58,1.0,1.0,0.9919,0.008,0.0034,6.24,0.0,0.6
bnb,1h,0.10-0.30,20-50% left,1928,637,2885.89,0.2204,0.2166,0.1823,0.1827,0.1231,527.27,338.89,0.945
bnb,1h,0.10-0.30,5-20% left,670,312,1075.49,0.1642,0.1618,0.1842,-0.1254,0.1351,-134.86,163.91,0.945
bnb,1h,0.10-0.30,>50% left,1185,606,2479.67,0.1797,0.1461,0.1913,-0.2391,0.115,-592.77,764.5,0.945
bnb,1h,0.10-0.30,last 5%,127,88,271.0,0.3071,0.3342,0.1649,1.0218,0.4303,276.9,39.49,0.953
bnb,1h,0.30-0.50,20-50% left,876,342,3231.97,0.3368,0.3896,0.3861,0.0016,0.0805,5.17,219.36,0.871
bnb,1h,0.30-0.50,5-20% left,273,154,1160.35,0.3407,0.3116,0.3915,-0.2089,0.1251,-242.43,290.46,0.864
bnb,1h,0.30-0.50,>50% left,1262,723,4823.17,0.4461,0.4056,0.4094,-0.0127,0.0582,-61.23,293.74,0.929
bnb,1h,0.30-0.50,last 5%,64,40,224.79,0.2812,0.4511,0.3685,0.2196,0.3641,49.35,62.27,0.906
bnb,1h,0.50-0.70,20-50% left,338,207,3038.62,0.6391,0.6804,0.6103,0.1096,0.0715,333.04,123.23,0.728
bnb,1h,0.50-0.70,5-20% left,145,105,1225.43,0.6345,0.5802,0.6,-0.0406,0.1085,-49.71,130.98,0.731
bnb,1h,0.50-0.70,>50% left,886,479,6140.06,0.5971,0.6083,0.5957,0.016,0.0591,98.23,331.84,0.782
bnb,1h,0.50-0.70,last 5%,59,36,791.28,0.4746,0.3313,0.5797,-0.4297,0.1938,-340.02,397.03,0.898
bnb,1h,0.70-0.90,20-50% left,746,372,8352.66,0.8954,0.9146,0.8127,0.1232,0.0193,1029.1,95.5,0.84
bnb,1h,0.70-0.90,5-20% left,359,169,3865.34,0.9053,0.9137,0.8188,0.1132,0.0319,437.69,126.35,0.811
bnb,1h,0.70-0.90,>50% left,1133,487,11632.53,0.8614,0.856,0.7964,0.0736,0.0294,855.66,199.68,0.903
bnb,1h,0.70-0.90,last 5%,102,61,1874.47,0.6569,0.5045,0.7979,-0.3684,0.1218,-690.64,781.48,0.873
bnb,1h,0.90-0.97,20-50% left,384,254,6981.21,0.9479,0.9514,0.9347,0.0174,0.0167,121.57,111.76,0.883
bnb,1h,0.90-0.97,5-20% left,224,147,3815.19,0.9688,0.9646,0.9367,0.0293,0.0188,111.61,59.01,0.871
bnb,1h,0.90-0.97,>50% left,217,128,3697.34,0.9124,0.903,0.9265,-0.0258,0.0342,-95.43,181.79,0.885
bnb,1h,0.90-0.97,last 5%,92,68,1747.54,0.8913,0.8177,0.9359,-0.1268,0.0854,-221.63,251.91,0.87
bnb,1h,<0.10,20-50% left,562,364,465.91,0.0836,0.1079,0.0588,0.8271,0.529,385.37,102.7,0.916
bnb,1h,<0.10,5-20% left,380,244,301.63,0.0763,0.0875,0.0513,0.6996,0.473,211.01,55.35,0.937
bnb,1h,<0.10,>50% left,215,153,169.53,0.0558,0.0732,0.0644,0.1322,0.4271,22.41,34.37,0.944
bnb,1h,<0.10,last 5%,74,56,59.45,0.1351,0.1742,0.0569,2.0585,1.746,122.38,14.75,0.959
bnb,1h,>=0.97,20-50% left,150,114,3465.43,0.98,0.9832,0.9834,-0.0007,0.0154,-2.32,52.61,0.293
bnb,1h,>=0.97,5-20% left,208,171,3934.67,0.9904,0.9859,0.9853,0.0002,0.0126,0.81,48.55,0.293
bnb,1h,>=0.97,>50% left,31,23,1385.58,1.0,1.0,0.9822,0.0172,0.0014,23.79,0.0,0.258
bnb,1h,>=0.97,last 5%,214,191,4291.88,0.9907,0.9928,0.992,0.0006,0.0067,2.45,27.97,0.182
bnb,4h,0.10-0.30,20-50% left,171,106,453.53,0.2164,0.2345,0.1759,0.3205,0.294,145.36,69.7,0.895
bnb,4h,0.10-0.30,5-20% left,158,103,520.61,0.1582,0.113,0.1397,-0.1915,0.254,-99.69,216.98,0.968
bnb,4h,0.10-0.30,>50% left,142,109,410.45,0.2183,0.153,0.2087,-0.2719,0.2335,-111.61,204.11,0.894
bnb,4h,0.10-0.30,last 5%,46,31,110.21,0.2174,0.0947,0.1802,-0.4749,0.4024,-52.34,57.58,0.978
bnb,4h,0.30-0.50,20-50% left,102,57,472.69,0.4608,0.4993,0.3833,0.2962,0.211,140.02,35.78,0.863
bnb,4h,0.30-0.50,5-20% left,49,25,350.14,0.3878,0.4523,0.4138,0.0865,0.3583,30.29,102.89,0.898
bnb,4h,0.30-0.50,>50% left,334,132,1079.29,0.3593,0.386,0.414,-0.0727,0.1463,-78.49,182.89,0.925
bnb,4h,0.30-0.50,last 5%,6,5,36.98,0.5,0.7633,0.3714,1.0452,0.5502,38.66,3.99,0.667
bnb,4h,0.50-0.70,20-50% left,74,41,498.52,0.473,0.4852,0.587,-0.1791,0.184,-89.27,155.73,0.851
bnb,4h,0.50-0.70,5-20% left,26,21,152.12,0.5769,0.4895,0.6121,-0.2029,0.2815,-30.87,55.04,0.885
bnb,4h,0.50-0.70,>50% left,189,95,1157.14,0.6878,0.7218,0.6003,0.1926,0.1202,222.81,81.89,0.757
bnb,4h,0.50-0.70,last 5%,10,9,104.91,0.7,0.5626,0.568,-0.0334,0.358,-3.51,41.74,0.3
bnb,4h,0.70-0.90,20-50% left,92,67,1380.47,0.8587,0.8969,0.8159,0.0976,0.0537,134.79,40.7,0.859
bnb,4h,0.70-0.90,5-20% left,35,24,360.68,0.6286,0.4747,0.7819,-0.3939,0.1812,-142.09,159.18,0.857
bnb,4h,0.70-0.90,>50% left,116,79,1623.15,0.8017,0.8124,0.7869,0.0308,0.0745,49.95,111.78,0.853
bnb,4h,0.70-0.90,last 5%,10,10,108.63,1.0,1.0,0.7784,0.2699,0.0423,29.32,0.0,0.5
bnb,4h,0.90-0.97,20-50% left,52,36,1391.15,0.9423,0.9255,0.9411,-0.0174,0.0555,-24.15,102.21,0.769
bnb,4h,0.90-0.97,5-20% left,23,22,556.69,0.9565,0.9831,0.941,0.0432,0.0191,24.06,9.06,0.565
bnb,4h,0.90-0.97,>50% left,18,11,382.62,1.0,1.0,0.9309,0.0731,0.0062,27.98,0.0,0.778
bnb,4h,0.90-0.97,last 5%,17,13,155.77,1.0,1.0,0.9531,0.0479,0.0031,7.46,0.0,0.529
bnb,4h,<0.10,20-50% left,127,75,143.23,0.1732,0.1289,0.0555,1.3168,0.8675,188.6,27.02,0.961
bnb,4h,<0.10,5-20% left,129,79,133.9,0.0543,0.0625,0.0472,0.3209,0.6437,42.97,46.44,0.969
bnb,4h,<0.10,>50% left,19,13,14.82,0.0,0.0,0.0696,-1.0,0.0,-14.82,14.82,0.895
bnb,4h,<0.10,last 5%,56,37,38.12,0.1964,0.2946,0.0457,5.4452,3.0512,207.55,12.46,0.982
bnb,4h,>=0.97,20-50% left,39,27,861.2,1.0,1.0,0.982,0.018,0.0017,15.47,0.0,0.385
bnb,4h,>=0.97,5-20% left,66,52,2098.95,0.9848,0.9757,0.9907,-0.0154,0.0242,-32.42,50.04,0.439
bnb,4h,>=0.97,>50% left,3,3,212.93,1.0,1.0,0.9799,0.0191,0.0007,4.07,0.0,0.0
bnb,4h,>=0.97,last 5%,94,77,2047.9,1.0,1.0,0.996,0.0038,0.0008,7.72,0.0,0.106
bnb,5m,0.10-0.30,20-50% left,265,173,276.98,0.1585,0.1572,0.1818,-0.1365,0.2376,-37.81,101.47,0.981
bnb,5m,0.10-0.30,5-20% left,180,114,172.3,0.2889,0.2537,0.1766,0.4349,0.4572,74.94,57.33,0.983
bnb,5m,0.10-0.30,>50% left,557,320,683.35,0.2298,0.245,0.2011,0.2151,0.2228,147.01,180.87,0.968
bnb,5m,0.10-0.30,last 5%,81,54,181.77,0.3704,0.2124,0.2116,0.0036,0.3396,0.65,90.59,1.0
bnb,5m,0.30-0.50,20-50% left,150,87,407.39,0.4,0.2535,0.3789,-0.3323,0.1787,-135.39,149.12,0.947
bnb,5m,0.30-0.50,5-20% left,93,51,334.16,0.4409,0.3144,0.3987,-0.2136,0.2441,-71.39,146.33,0.968
bnb,5m,0.30-0.50,>50% left,623,394,1243.97,0.4141,0.3625,0.3975,-0.0898,0.1086,-111.7,195.49,0.965
bnb,5m,0.30-0.50,last 5%,64,38,357.48,0.3906,0.2582,0.3691,-0.3007,0.2292,-107.5,179.84,0.984
bnb,5m,0.50-0.70,20-50% left,103,64,448.22,0.6214,0.5572,0.5863,-0.0514,0.1832,-23.05,92.42,0.932
bnb,5m,0.50-0.70,5-20% left,61,41,454.72,0.623,0.3119,0.5858,-0.4678,0.1775,-212.74,248.19,0.984
bnb,5m,0.50-0.70,>50% left,502,329,1571.35,0.6175,0.6364,0.5953,0.0668,0.074,104.9,85.88,0.946
bnb,5m,0.50-0.70,last 5%,41,29,660.65,0.5122,0.3554,0.6136,-0.4208,0.1716,-278.0,300.7,1.0
bnb,5m,0.70-0.90,20-50% left,133,96,1115.2,0.8722,0.8626,0.8051,0.071,0.0697,79.17,41.5,0.97
bnb,5m,0.70-0.90,5-20% left,98,74,727.02,0.8571,0.6723,0.8037,-0.1645,0.1099,-119.56,150.92,0.929
bnb,5m,0.70-0.90,>50% left,375,239,2012.95,0.7493,0.817,0.7981,0.023,0.0519,46.24,136.27,0.971
bnb,5m,0.70-0.90,last 5%,46,37,626.07,0.8913,0.6668,0.8343,-0.2007,0.1598,-125.67,198.45,1.0
bnb,5m,0.90-0.97,20-50% left,94,78,799.42,0.9787,0.985,0.9352,0.0532,0.0159,42.51,11.63,0.968
bnb,5m,0.90-0.97,5-20% left,125,68,590.87,0.984,0.906,0.9258,-0.0215,0.0802,-12.72,45.5,0.984
bnb,5m,0.90-0.97,>50% left,50,46,337.7,1.0,1.0,0.9267,0.0781,0.0039,26.37,0.0,0.8
bnb,5m,0.90-0.97,last 5%,72,55,1295.18,0.9167,0.8412,0.9342,-0.1002,0.0687,-129.76,165.36,0.944
bnb,5m,<0.10,20-50% left,113,73,79.97,0.0796,0.0362,0.0558,-0.3515,0.3428,-28.11,38.1,0.991
bnb,5m,<0.10,5-20% left,100,61,59.66,0.08,0.0623,0.0507,0.2293,0.6091,13.68,23.29,0.98
bnb,5m,<0.10,>50% left,41,28,28.0,0.0488,0.0028,0.0666,-0.9576,0.0416,-26.81,26.9,0.927
bnb,5m,<0.10,last 5%,29,19,7.66,0.0345,0.0286,0.0429,-0.3336,0.7217,-2.55,5.32,1.0
bnb,5m,>=0.97,20-50% left,18,17,124.34,1.0,1.0,0.9766,0.0235,0.0024,2.92,0.0,0.5
bnb,5m,>=0.97,5-20% left,38,22,160.18,1.0,1.0,0.9748,0.0255,0.002,4.08,0.0,0.842
bnb,5m,>=0.97,>50% left,3,3,24.53,1.0,1.0,0.98,0.0198,0.0075,0.49,0.0,0.333
bnb,5m,>=0.97,last 5%,47,47,448.53,0.9149,0.9129,0.9772,-0.0659,0.0429,-29.55,34.14,0.915
btc,15m,0.10-0.30,20-50% left,6039,1823,43614.01,0.1747,0.1776,0.1857,-0.0544,0.064,-2372.92,5612.95,0.899
btc,15m,0.10-0.30,5-20% left,3159,1078,23461.13,0.2035,0.2058,0.1825,0.1151,0.093,2701.09,1314.17,0.892
btc,15m,0.10-0.30,>50% left,4711,1421,35898.28,0.1889,0.2184,0.205,0.0584,0.0787,2096.3,2290.75,0.922
btc,15m,0.10-0.30,last 5%,1015,327,5006.37,0.2,0.2161,0.1873,0.1469,0.1731,735.51,1043.58,0.959
btc,15m,0.30-0.50,20-50% left,3003,1074,53507.25,0.3936,0.421,0.384,0.0811,0.0515,4337.61,1698.66,0.774
btc,15m,0.30-0.50,5-20% left,1740,587,31332.95,0.3684,0.4101,0.3916,0.034,0.0697,1066.76,1455.98,0.848
btc,15m,0.30-0.50,>50% left,7761,2720,131779.14,0.4301,0.4311,0.4166,0.0274,0.0288,3614.84,3024.91,0.893
btc,15m,0.30-0.50,last 5%,494,178,6864.33,0.4494,0.4746,0.3895,0.2056,0.1258,1411.19,444.45,0.913
btc,15m,0.50-0.70,20-50% left,2496,965,82646.65,0.6214,0.6158,0.6016,0.0143,0.0331,1179.49,2294.78,0.765
btc,15m,0.50-0.70,5-20% left,1555,524,46095.76,0.5897,0.6569,0.5983,0.087,0.0469,4009.79,1230.67,0.812
btc,15m,0.50-0.70,>50% left,9388,3111,290683.94,0.6134,0.6239,0.5983,0.0378,0.0175,10995.19,3165.19,0.878
btc,15m,0.50-0.70,last 5%,410,167,13623.23,0.639,0.7089,0.6028,0.1601,0.0931,2181.53,1186.32,0.798
btc,15m,0.70-0.90,20-50% left,2803,1229,127363.74,0.7785,0.7845,0.7933,-0.0142,0.0215,-1806.99,4426.86,0.846
btc,15m,0.70-0.90,5-20% left,1727,649,78724.28,0.7354,0.7627,0.7979,-0.0478,0.0282,-3761.88,4287.55,0.827
btc,15m,0.70-0.90,>50% left,7391,2630,327945.99,0.8048,0.8143,0.7843,0.037,0.0133,12119.07,2076.75,0.933
btc,15m,0.70-0.90,last 5%,703,282,29093.19,0.8307,0.8982,0.8101,0.1037,0.025,3016.84,422.49,0.841
btc,15m,0.90-0.97,20-50% left,763,475,56842.69,0.9476,0.9648,0.9297,0.0372,0.0105,2114.11,546.95,0.875
btc,15m,0.90-0.97,5-20% left,694,385,46014.56,0.951,0.9441,0.9353,0.0084,0.0183,385.44,1257.48,0.808
btc,15m,0.90-0.97,>50% left,700,359,48438.19,0.9714,0.9752,0.9207,0.0588,0.01,2845.95,338.52,0.921
btc,15m,0.90-0.97,last 5%,439,261,27390.24,0.959,0.9733,0.9376,0.0373,0.0115,1021.35,184.67,0.825
btc,15m,<0.10,20-50% left,3014,975,7236.24,0.0488,0.0516,0.0553,-0.0735,0.148,-531.68,1706.22,0.922
btc,15m,<0.10,5-20% left,2245,851,4855.98,0.0468,0.0456,0.0499,-0.0949,0.1741,-460.59,1038.18,0.918
btc,15m,<0.10,>50% left,563,198,1890.9,0.0817,0.0751,0.0634,0.1747,0.3595,330.4,743.94,0.913
btc,15m,<0.10,last 5%,771,286,1150.68,0.0311,0.0346,0.0461,-0.2553,0.2554,-293.78,618.65,0.93
btc,15m,>=0.97,20-50% left,113,73,9746.36,1.0,1.0,0.9759,0.0244,0.0011,238.07,0.0,0.85
btc,15m,>=0.97,5-20% left,170,108,13258.08,0.9941,0.9978,0.9751,0.0229,0.0024,303.56,29.16,0.782
btc,15m,>=0.97,>50% left,14,10,1214.03,1.0,1.0,0.974,0.0257,0.002,31.21,0.0,0.714
btc,15m,>=0.97,last 5%,125,87,8330.79,1.0,1.0,0.9778,0.0224,0.0015,186.66,0.0,0.8
btc,1d,0.10-0.30,20-50% left,100,28,1526.2,0.19,0.1975,0.2101,-0.0601,0.517,-91.66,631.39,1.0
btc,1d,0.10-0.30,5-20% left,163,38,2808.33,0.1227,0.1412,0.1819,-0.2237,0.3662,-628.25,1464.06,1.0
btc,1d,0.10-0.30,>50% left,177,45,4065.79,0.1921,0.1916,0.222,-0.137,0.3369,-557.17,1172.44,1.0
btc,1d,0.10-0.30,last 5%,88,18,1361.81,0.3523,0.2773,0.1928,0.4379,0.8004,596.32,871.89,1.0
btc,1d,0.30-0.50,20-50% left,80,21,2687.05,0.3375,0.3659,0.3897,-0.0613,0.1742,-164.61,634.92,1.0
btc,1d,0.30-0.50,5-20% left,75,22,4139.82,0.5067,0.417,0.4031,0.0343,0.2772,142.18,822.04,1.0
btc,1d,0.30-0.50,>50% left,362,60,13269.88,0.4972,0.3716,0.3928,-0.0559,0.1048,-741.27,1641.51,0.994
btc,1d,0.30-0.50,last 5%,36,11,1857.04,0.3611,0.3258,0.3952,-0.1756,0.2817,-326.08,491.9,1.0
btc,1d,0.50-0.70,20-50% left,156,42,8981.71,0.5769,0.5587,0.6184,-0.0965,0.1316,-866.64,1651.47,1.0
btc,1d,0.50-0.70,5-20% left,173,33,11768.62,0.6705,0.6623,0.6259,0.0582,0.1264,684.49,1570.19,1.0
btc,1d,0.50-0.70,>50% left,179,45,9916.44,0.5363,0.5714,0.6,-0.0475,0.1407,-471.41,1784.73,1.0
btc,1d,0.50-0.70,last 5%,37,9,2001.76,0.8378,0.7479,0.5844,0.2798,0.3403,560.03,444.77,1.0
btc,1d,0.70-0.90,20-50% left,221,47,13451.04,0.81,0.8065,0.7866,0.0253,0.0973,340.32,1528.08,1.0
btc,1d,0.70-0.90,5-20% left,287,55,20766.91,0.7666,0.7872,0.7906,-0.0043,0.0874,-88.44,2545.31,1.0
btc,1d,0.70-0.90,>50% left,120,36,10813.25,0.8,0.8433,0.7549,0.1171,0.0921,1265.84,575.8,1.0
btc,1d,0.70-0.90,last 5%,30,12,3039.34,0.9667,0.996,0.8058,0.236,0.0285,717.21,13.01,1.0
btc,1d,0.90-0.97,20-50% left,40,13,3352.0,0.95,0.9204,0.918,0.0026,0.0877,8.58,261.66,1.0
btc,1d,0.90-0.97,5-20% left,56,22,6313.91,1.0,1.0,0.9305,0.0747,0.0062,471.39,0.0,1.0
btc,1d,0.90-0.97,>50% left,8,3,703.12,1.0,1.0,0.9359,0.0685,0.0062,48.18,0.0,1.0
btc,1d,0.90-0.97,last 5%,29,9,1304.11,0.3793,0.8296,0.9223,-0.1005,0.1856,-131.03,227.41,1.0
btc,1d,<0.10,20-50% left,6,5,56.15,0.0,0.0,0.0647,-1.0,0.0,-56.15,56.15,1.0
btc,1d,<0.10,5-20% left,101,30,660.81,0.2574,0.1562,0.0603,1.5902,1.3231,1050.8,230.05,1.0
btc,1d,<0.10,>50% left,1,1,18.0,0.0,0.0,0.09,-1.0,,-18.0,18.0,1.0
btc,1d,<0.10,last 5%,53,17,192.36,0.0,0.0,0.0544,-1.0,0.0,-192.36,192.36,1.0
btc,1d,>=0.97,5-20% left,4,1,991.81,1.0,1.0,0.9732,0.0275,,27.29,0.0,1.0
btc,1d,>=0.97,last 5%,13,4,1454.98,0.3077,0.7957,0.9842,-0.1915,0.2229,-278.62,293.24,1.0
btc,1h,0.10-0.30,20-50% left,1263,494,12877.0,0.209,0.2192,0.1865,0.1613,0.14,2077.15,1707.5,0.823
btc,1h,0.10-0.30,5-20% left,924,366,8246.15,0.1634,0.1743,0.1815,-0.0487,0.1591,-401.23,1890.15,0.843
btc,1h,0.10-0.30,>50% left,1324,493,13368.39,0.2221,0.2106,0.1995,0.0472,0.121,631.06,1541.03,0.879
btc,1h,0.10-0.30,last 5%,458,175,4913.17,0.155,0.178,0.185,-0.0403,0.2138,-197.83,897.78,0.93
btc,1h,0.30-0.50,20-50% left,695,260,13962.83,0.436,0.4349,0.3904,0.1004,0.0904,1402.4,1160.14,0.751
btc,1h,0.30-0.50,5-20% left,334,146,6416.92,0.3533,0.3938,0.3894,0.0001,0.1379,0.67,1337.47,0.784
btc,1h,0.30-0.50,>50% left,2608,1121,70564.82,0.4452,0.4148,0.4249,-0.0269,0.042,-1898.19,3827.23,0.915
btc,1h,0.30-0.50,last 5%,222,77,3335.69,0.4054,0.4595,0.3675,0.2472,0.2376,824.48,477.02,0.95
btc,1h,0.50-0.70,20-50% left,733,301,27102.58,0.6453,0.6221,0.6143,0.0021,0.0632,57.97,3005.98,0.628
btc,1h,0.50-0.70,5-20% left,215,99,7313.44,0.5767,0.6677,0.5946,0.1138,0.1084,832.25,390.77,0.698
btc,1h,0.50-0.70,>50% left,2775,939,84983.75,0.6324,0.6243,0.6012,0.0335,0.0316,2847.22,1920.43,0.799
btc,1h,0.50-0.70,last 5%,119,47,3136.44,0.563,0.5859,0.6008,-0.0269,0.1685,-84.5,591.51,0.899
btc,1h,0.70-0.90,20-50% left,840,390,40771.22,0.8119,0.8254,0.7988,0.0292,0.0366,1191.78,843.6,0.762
btc,1h,0.70-0.90,5-20% left,189,105,9180.12,0.8677,0.888,0.8028,0.1032,0.0491,946.97,420.88,0.794
btc,1h,0.70-0.90,>50% left,1572,656,76200.12,0.7545,0.7625,0.7778,-0.0222,0.0324,-1689.26,2956.88,0.846
btc,1h,0.70-0.90,last 5%,131,53,5352.27,0.8168,0.8277,0.7966,0.0383,0.0936,205.11,321.87,0.931
btc,1h,0.90-0.97,20-50% left,272,144,19344.71,0.9816,0.9923,0.9344,0.0609,0.0053,1178.19,58.22,0.783
btc,1h,0.90-0.97,5-20% left,114,70,8505.49,0.9825,0.9945,0.9318,0.0658,0.0068,559.92,46.99,0.719
btc,1h,0.90-0.97,>50% left,117,59,7131.58,0.9744,0.9832,0.926,0.0606,0.0191,431.96,124.0,0.761
btc,1h,0.90-0.97,last 5%,65,46,5514.58,0.9692,0.9446,0.9287,0.0166,0.053,91.57,271.8,0.831
btc,1h,<0.10,20-50% left,871,319,2354.18,0.0586,0.0761,0.0477,0.5699,0.4916,1341.71,441.0,0.839
btc,1h,<0.10,5-20% left,1069,414,2248.36,0.0299,0.0383,0.0412,-0.0819,0.3845,-184.18,1288.81,0.852
btc,1h,<0.10,>50% left,201,94,918.39,0.0597,0.1074,0.0621,0.7056,0.8321,647.99,319.65,0.821
btc,1h,<0.10,last 5%,431,209,1041.34,0.0418,0.0711,0.0421,0.677,0.8664,705.0,372.6,0.921
btc,1h,>=0.97,20-50% left,81,45,7419.73,1.0,1.0,0.9806,0.0192,0.0014,142.16,0.0,0.679
btc,1h,>=0.97,5-20% left,130,77,14485.35,0.9769,0.9845,0.9867,-0.0026,0.0137,-37.95,193.95,0.669
btc,1h,>=0.97,>50% left,13,5,1133.79,1.0,1.0,0.9866,0.013,0.002,14.68,0.0,0.615
btc,1h,>=0.97,last 5%,110,76,12124.69,1.0,1.0,0.9902,0.0095,0.0014,114.97,0.0,0.645
btc,4h,0.10-0.30,20-50% left,725,243,9368.99,0.1834,0.1924,0.1859,0.0265,0.1789,248.37,2078.07,0.883
btc,4h,0.10-0.30,5-20% left,550,148,5028.1,0.2036,0.1523,0.1861,-0.1883,0.1891,-946.79,1380.61,0.895
btc,4h,0.10-0.30,>50% left,804,253,10873.21,0.3085,0.2624,0.1974,0.3169,0.2061,3446.15,681.36,0.91
btc,4h,0.10-0.30,last 5%,191,66,2105.25,0.267,0.3263,0.187,0.7328,0.3243,1542.66,496.7,0.921
btc,4h,0.30-0.50,20-50% left,417,146,9421.61,0.458,0.4243,0.3966,0.0654,0.1245,615.97,804.51,0.882
btc,4h,0.30-0.50,5-20% left,279,93,7080.31,0.4122,0.3797,0.3927,-0.0371,0.1565,-263.01,962.76,0.892
btc,4h,0.30-0.50,>50% left,1347,370,30194.53,0.4388,0.4386,0.4059,0.0741,0.0726,2236.4,1928.98,0.895
btc,4h,0.30-0.50,last 5%,146,33,3071.23,0.4658,0.4634,0.3961,0.1672,0.2542,513.48,605.79,0.938
btc,4h,0.50-0.70,20-50% left,719,213,26080.22,0.6203,0.6209,0.6101,0.015,0.0665,391.68,1962.44,0.901
btc,4h,0.50-0.70,5-20% left,262,90,11443.08,0.5534,0.5224,0.5874,-0.1139,0.1033,-1303.42,1992.9,0.885
btc,4h,0.50-0.70,>50% left,2292,456,84420.88,0.5938,0.594,0.6036,-0.0218,0.0347,-1844.19,2503.5,0.861
btc,4h,0.50-0.70,last 5%,65,33,2971.45,0.6,0.5383,0.603,-0.1102,0.2378,-327.55,920.21,0.908
btc,4h,0.70-0.90,20-50% left,905,285,52209.43,0.8276,0.802,0.8041,-0.0039,0.0392,-205.85,1779.88,0.912
btc,4h,0.70-0.90,5-20% left,264,122,15242.6,0.9091,0.8929,0.8079,0.1035,0.0394,1576.99,344.18,0.879
btc,4h,0.70-0.90,>50% left,1460,328,80806.53,0.787,0.7893,0.7732,0.0185,0.0381,1492.5,2886.15,0.9
btc,4h,0.70-0.90,last 5%,46,28,3312.16,0.7826,0.8392,0.8075,0.0388,0.0999,128.42,165.4,0.978
btc,4h,0.90-0.97,20-50% left,229,105,15576.39,0.9694,0.9845,0.9323,0.0557,0.0102,868.0,128.75,0.965
btc,4h,0.90-0.97,5-20% left,151,74,11443.62,0.9735,0.9563,0.9332,0.0246,0.0271,281.17,186.0,0.954
btc,4h,0.90-0.97,>50% left,86,35,5885.89,0.9884,0.9955,0.9175,0.0845,0.0063,497.4,26.57,0.965
btc,4h,0.90-0.97,last 5%,54,33,4132.23,1.0,1.0,0.9464,0.0566,0.0055,233.83,0.0,1.0
btc,4h,<0.10,20-50% left,659,145,1646.2,0.0561,0.0817,0.0546,0.4883,0.5056,803.89,318.01,0.979
btc,4h,<0.10,5-20% left,910,172,1281.46,0.0813,0.0512,0.0397,0.2858,0.6064,366.21,570.8,0.982
btc,4h,<0.10,>50% left,114,40,505.34,0.0263,0.0093,0.0701,-0.8675,0.1348,-438.4,438.4,0.982
btc,4h,<0.10,last 5%,223,72,362.73,0.0135,0.0278,0.0318,-0.125,0.6127,-45.34,214.05,0.991
btc,4h,>=0.97,20-50% left,30,11,2014.56,1.0,1.0,0.9839,0.0163,0.0027,32.94,0.0,1.0
btc,4h,>=0.97,5-20% left,43,30,3557.56,1.0,1.0,0.982,0.0183,0.0022,65.15,0.0,0.977
btc,4h,>=0.97,last 5%,48,29,5068.51,1.0,1.0,0.9888,0.0114,0.0018,57.59,0.0,0.979
btc,5m,0.10-0.30,20-50% left,21163,4797,150823.27,0.1969,0.2001,0.1908,0.0396,0.0421,5976.49,4973.89,0.946
btc,5m,0.10-0.30,5-20% left,18946,3486,104586.27,0.1912,0.2,0.1805,0.0976,0.0514,10211.06,4971.51,0.954
btc,5m,0.10-0.30,>50% left,19232,4604,153164.28,0.2338,0.2327,0.2138,0.0825,0.0379,12636.1,4462.47,0.958
btc,5m,0.10-0.30,last 5%,5766,1248,30320.88,0.1783,0.1802,0.1799,-0.0034,0.0789,-104.4,3267.03,0.969
btc,5m,0.30-0.50,20-50% left,12142,3494,221540.96,0.3955,0.417,0.3898,0.0587,0.0273,13008.23,3725.11,0.89
btc,5m,0.30-0.50,5-20% left,7318,1881,103585.5,0.3893,0.3922,0.3848,0.01,0.0374,1039.64,3364.91,0.933
btc,5m,0.30-0.50,>50% left,30683,8214,560740.37,0.3995,0.4204,0.4043,0.0341,0.0161,19123.67,8299.6,0.934
btc,5m,0.30-0.50,last 5%,2551,641,36639.7,0.3367,0.3924,0.3881,0.0059,0.0682,217.92,3084.13,0.958
btc,5m,0.50-0.70,20-50% left,9189,3183,301402.8,0.6075,0.6189,0.5967,0.03,0.0192,9056.27,3990.17,0.876
btc,5m,0.50-0.70,5-20% left,3798,1340,121590.09,0.6259,0.6297,0.5975,0.0481,0.0299,5848.93,2763.93,0.912
btc,5m,0.50-0.70,>50% left,35021,10091,1150311.37,0.6081,0.6139,0.6,0.0196,0.01,22544.75,6662.5,0.932
btc,5m,0.50-0.70,last 5%,1396,484,42039.19,0.5652,0.6071,0.5921,0.0219,0.0532,918.74,3367.84,0.952
btc,5m,0.70-0.90,20-50% left,11019,4019,531836.85,0.8053,0.8199,0.8007,0.0216,0.0103,11474.21,6794.46,0.905
btc,5m,0.70-0.90,5-20% left,4533,1792,232203.15,0.8045,0.8333,0.8058,0.032,0.016,7436.61,4703.33,0.92
btc,5m,0.70-0.90,>50% left,30642,8371,1449115.78,0.7865,0.7983,0.7868,0.0134,0.0073,19440.69,7644.61,0.948
btc,5m,0.70-0.90,last 5%,1528,660,86771.58,0.8691,0.8613,0.8123,0.0582,0.0228,5053.18,967.31,0.929
btc,5m,0.90-0.97,20-50% left,3472,1707,289120.16,0.9447,0.9524,0.9297,0.0238,0.0071,6886.69,1061.41,0.882
btc,5m,0.90-0.97,5-20% left,2540,1335,245559.6,0.976,0.9661,0.9353,0.0323,0.0078,7932.19,1209.23,0.896
btc,5m,0.90-0.97,>50% left,2984,1192,211601.46,0.945,0.9521,0.9212,0.0332,0.0077,7029.06,1446.54,0.934
btc,5m,0.90-0.97,last 5%,1229,646,115907.62,0.9609,0.9602,0.9347,0.0268,0.011,3109.03,989.24,0.928
btc,5m,<0.10,20-50% left,10004,2573,22002.53,0.0726,0.0654,0.0514,0.2647,0.119,5825.0,1326.88,0.956
btc,5m,<0.10,5-20% left,11710,2702,22074.12,0.062,0.0538,0.048,0.1104,0.1199,2437.24,1715.38,0.947
btc,5m,<0.10,>50% left,2200,670,6434.56,0.0955,0.0977,0.0596,0.6287,0.2647,4045.13,748.2,0.947
btc,5m,<0.10,last 5%,4963,1239,8423.92,0.0506,0.0524,0.0449,0.1611,0.2023,1357.29,1493.88,0.952
btc,5m,>=0.97,20-50% left,477,246,41962.38,0.9979,0.9884,0.9728,0.0156,0.0118,655.19,485.0,0.836
btc,5m,>=0.97,5-20% left,784,440,85011.49,0.9936,0.9912,0.9759,0.0153,0.0062,1298.62,450.69,0.844
btc,5m,>=0.97,>50% left,59,33,4949.45,1.0,1.0,0.9719,0.0284,0.0008,140.41,0.0,0.814
btc,5m,>=0.97,last 5%,460,252,53966.52,0.9848,0.9834,0.9789,0.0043,0.0084,230.39,471.29,0.865
doge,15m,0.10-0.30,20-50% left,1006,597,1093.97,0.2157,0.196,0.1671,0.1666,0.1612,182.24,101.34,0.969
doge,15m,0.10-0.30,5-20% left,181,128,298.46,0.2541,0.3225,0.1773,0.7974,0.4106,238.0,46.39,0.89
doge,15m,0.10-0.30,>50% left,2470,1305,2105.1,0.2567,0.2186,0.1785,0.2225,0.1138,468.31,188.32,0.988
doge,15m,0.10-0.30,last 5%,21,17,68.63,0.619,0.7211,0.2184,2.3026,0.6302,158.02,13.47,1.0
doge,15m,0.30-0.50,20-50% left,294,169,624.39,0.5578,0.5313,0.3691,0.425,0.1963,265.34,38.51,0.884
doge,15m,0.30-0.50,5-20% left,75,53,216.0,0.3867,0.3857,0.3795,0.0095,0.3039,2.06,83.25,0.933
doge,15m,0.30-0.50,>50% left,2014,733,3660.79,0.4618,0.4557,0.4046,0.1233,0.0844,451.47,241.36,0.974
doge,15m,0.30-0.50,last 5%,22,18,139.35,0.6364,0.6521,0.4164,0.562,0.5069,78.31,43.26,0.955
doge,15m,0.50-0.70,20-50% left,233,133,702.76,0.7597,0.6894,0.6113,0.1238,0.1358,87.03,58.92,0.94
doge,15m,0.50-0.70,5-20% left,66,51,450.47,0.7424,0.8075,0.6205,0.2971,0.1226,133.85,31.7,0.909
doge,15m,0.50-0.70,>50% left,803,388,2105.1,0.7098,0.6048,0.5868,0.0294,0.0788,61.79,151.74,0.978
doge,15m,0.50-0.70,last 5%,18,18,173.26,0.8333,0.7333,0.6167,0.1885,0.2523,32.66,23.6,0.944
doge,15m,0.70-0.90,20-50% left,334,194,1728.21,0.8533,0.8564,0.8014,0.0675,0.0522,116.66,81.67,0.952
doge,15m,0.70-0.90,5-20% left,110,93,882.6,0.8909,0.9202,0.8128,0.1307,0.0387,115.32,41.38,0.927
doge,15m,0.70-0.90,>50% left,634,379,4644.87,0.8596,0.8658,0.7954,0.0876,0.0304,407.04,78.27,0.945
doge,15m,0.70-0.90,last 5%,32,29,531.59,0.9062,0.9353,0.8186,0.1425,0.0773,75.77,33.6,1.0
doge,15m,0.90-0.97,20-50% left,85,65,968.33,1.0,1.0,0.9313,0.0732,0.0046,70.89,0.0,0.835
doge,15m,0.90-0.97,5-20% left,34,29,458.25,0.9412,0.9062,0.9324,-0.0295,0.0757,-13.53,34.2,0.765
doge,15m,0.90-0.97,>50% left,44,35,512.24,1.0,1.0,0.923,0.0824,0.0045,42.22,0.0,0.75
doge,15m,0.90-0.97,last 5%,26,20,363.29,1.0,1.0,0.9137,0.0935,0.0063,33.97,0.0,0.692
doge,15m,<0.10,20-50% left,615,446,255.47,0.0846,0.0828,0.0536,0.5419,0.4607,138.44,66.49,0.997
doge,15m,<0.10,5-20% left,164,134,91.85,0.0854,0.0849,0.0497,0.701,0.6795,64.39,36.87,0.963
doge,15m,<0.10,>50% left,543,359,427.92,0.0902,0.0945,0.0563,0.677,0.5081,289.71,167.3,0.991
doge,15m,<0.10,last 5%,17,16,14.57,0.1765,0.1602,0.0595,1.6946,1.9495,24.68,8.64,1.0
doge,15m,>=0.97,20-50% left,120,99,2435.2,1.0,1.0,0.9904,0.0092,0.001,22.39,0.0,0.158
doge,15m,>=0.97,5-20% left,213,184,3965.25,1.0,1.0,0.9951,0.0047,0.0006,18.54,0.0,0.155
doge,15m,>=0.97,>50% left,21,19,651.2,1.0,1.0,0.985,0.0144,0.0019,9.36,0.0,0.19
doge,15m,>=0.97,last 5%,160,152,3096.78,1.0,1.0,0.9962,0.0037,0.0007,11.38,0.0,0.144
doge,1d,0.10-0.30,20-50% left,57,32,151.75,0.1579,0.1054,0.1878,-0.4388,0.2563,-66.59,101.61,0.982
doge,1d,0.10-0.30,5-20% left,65,29,207.44,0.1231,0.1799,0.1611,0.1161,0.7374,24.08,138.05,0.969
doge,1d,0.10-0.30,>50% left,52,25,186.1,0.0385,0.0183,0.2214,-0.9174,0.0639,-170.73,170.73,1.0
doge,1d,0.10-0.30,last 5%,23,11,48.48,0.1304,0.1335,0.1755,-0.2392,0.5678,-11.6,34.56,1.0
doge,1d,0.30-0.50,20-50% left,75,31,267.07,0.3867,0.3128,0.3949,-0.2102,0.227,-56.13,103.74,0.893
doge,1d,0.30-0.50,5-20% left,60,22,175.1,0.3167,0.329,0.3631,-0.0941,0.2295,-16.47,74.03,1.0
doge,1d,0.30-0.50,>50% left,144,57,879.79,0.3403,0.3248,0.3901,-0.1678,0.1932,-147.6,256.44,0.972
doge,1d,0.30-0.50,last 5%,9,7,51.64,0.2222,0.1373,0.3638,-0.6226,0.3395,-32.15,33.75,1.0
doge,1d,0.50-0.70,20-50% left,49,23,328.32,0.6735,0.5779,0.6224,-0.0721,0.2349,-23.66,100.39,0.959
doge,1d,0.50-0.70,5-20% left,70,24,708.98,0.7143,0.5176,0.6036,-0.1426,0.1853,-101.11,232.2,0.986
doge,1d,0.50-0.70,>50% left,92,43,709.67,0.6304,0.71,0.5855,0.2095,0.1616,148.71,96.34,0.913
doge,1d,0.50-0.70,last 5%,4,4,34.48,0.75,0.7601,0.567,0.3405,0.4471,11.74,7.4,1.0
doge,1d,0.70-0.90,20-50% left,59,29,938.92,0.7966,0.8253,0.8091,0.0198,0.1114,18.59,111.27,0.966
doge,1d,0.70-0.90,5-20% left,55,28,702.12,0.8182,0.683,0.8124,-0.1605,0.1545,-112.71,170.78,0.964
doge,1d,0.70-0.90,>50% left,27,18,518.18,0.8148,0.8233,0.7834,0.0509,0.1414,26.38,76.0,1.0
doge,1d,0.70-0.90,last 5%,9,8,157.44,1.0,1.0,0.8602,0.1619,0.0196,25.49,0.0,0.889
doge,1d,0.90-0.97,20-50% left,16,11,357.83,0.8125,0.7575,0.9342,-0.1893,0.2246,-67.72,88.81,0.938
doge,1d,0.90-0.97,5-20% left,30,22,818.53,1.0,1.0,0.9365,0.0679,0.0059,55.55,0.0,1.0
doge,1d,0.90-0.97,>50% left,2,2,56.36,1.0,1.0,0.9312,0.0739,0.0171,4.16,0.0,1.0
doge,1d,0.90-0.97,last 5%,24,10,397.74,0.5,0.5825,0.9393,-0.38,0.2899,-151.14,164.67,0.917
doge,1d,<0.10,20-50% left,12,9,11.81,0.0,0.0,0.039,-1.0,0.0,-11.81,11.81,0.833
doge,1d,<0.10,5-20% left,20,16,27.01,0.15,0.038,0.0633,-0.4055,0.5345,-10.95,15.81,0.95
doge,1d,<0.10,last 5%,56,16,34.65,0.3929,0.3949,0.0339,10.5925,7.6888,367.02,18.37,0.929
doge,1d,>=0.97,20-50% left,5,4,519.11,0.8,0.9827,0.9851,-0.0035,0.024,-1.8,8.95,0.2
doge,1d,>=0.97,5-20% left,12,8,223.17,1.0,1.0,0.9902,0.0096,0.0041,2.15,0.0,0.333
doge,1d,>=0.97,last 5%,12,9,523.38,1.0,1.0,0.9888,0.0111,0.005,5.8,0.0,0.417
doge,1h,0.10-0.30,20-50% left,2158,795,4094.85,0.1543,0.1674,0.1869,-0.1068,0.0934,-437.26,568.96,0.969
doge,1h,0.10-0.30,5-20% left,659,345,1475.84,0.17,0.1633,0.1808,-0.1004,0.1543,-148.17,233.14,0.93
doge,1h,0.10-0.30,>50% left,2212,913,5610.9,0.1917,0.1886,0.1969,-0.0434,0.0973,-243.74,700.2,0.977
doge,1h,0.10-0.30,last 5%,95,68,262.34,0.1474,0.1962,0.1936,0.0028,0.3086,0.74,66.04,0.874
doge,1h,0.30-0.50,20-50% left,774,372,3532.48,0.3437,0.3949,0.3742,0.0476,0.0745,168.01,174.91,0.835
doge,1h,0.30-0.50,5-20% left,243,149,1166.81,0.4403,0.4268,0.3851,0.0994,0.1649,115.93,137.79,0.823
doge,1h,0.30-0.50,>50% left,1685,849,6935.24,0.4226,0.3892,0.3952,-0.0183,0.0502,-126.88,599.05,0.927
doge,1h,0.30-0.50,last 5%,28,22,120.24,0.3571,0.3615,0.386,-0.065,0.5286,-7.81,62.89,0.929
doge,1h,0.50-0.70,20-50% left,145,114,1193.08,0.6759,0.6747,0.5907,0.1352,0.11,161.32,104.16,0.745
doge,1h,0.50-0.70,5-20% left,75,62,515.84,0.72,0.7936,0.5699,0.3843,0.1018,198.23,19.64,0.707
doge,1h,0.50-0.70,>50% left,343,238,2085.26,0.6414,0.661,0.5716,0.1523,0.0805,317.58,92.1,0.848
doge,1h,0.50-0.70,last 5%,19,16,153.04,0.8947,0.9489,0.5965,0.5861,0.0777,89.7,7.73,0.947
doge,1h,0.70-0.90,20-50% left,206,152,2708.99,0.8835,0.9048,0.8108,0.1128,0.04,305.66,59.6,0.723
doge,1h,0.70-0.90,5-20% left,96,61,1298.47,0.8958,0.9037,0.8062,0.1171,0.0572,152.07,53.95,0.802
doge,1h,0.70-0.90,>50% left,271,167,3401.84,0.8672,0.8595,0.8075,0.0609,0.0536,207.11,136.88,0.727
doge,1h,0.70-0.90,last 5%,21,17,307.35,1.0,1.0,0.7939,0.2522,0.0252,77.53,0.0,0.714
doge,1h,0.90-0.97,20-50% left,151,105,3064.54,0.9801,0.9837,0.9363,0.049,0.0114,150.17,21.92,0.603
doge,1h,0.90-0.97,5-20% left,86,69,1801.5,0.9651,0.9568,0.9429,0.0138,0.0377,24.79,73.81,0.721
doge,1h,0.90-0.97,>50% left,75,40,1570.49,0.88,0.8416,0.9354,-0.103,0.0849,-161.73,202.79,0.36
doge,1h,0.90-0.97,last 5%,35,27,563.34,1.0,1.0,0.9384,0.0653,0.0042,36.77,0.0,0.829
doge,1h,<0.10,20-50% left,578,360,588.83,0.0796,0.0875,0.0635,0.3782,0.3712,222.68,79.95,0.986
doge,1h,<0.10,5-20% left,400,272,401.62,0.0825,0.0653,0.0583,0.12,0.3378,48.21,60.69,0.985
doge,1h,<0.10,>50% left,306,179,390.24,0.0882,0.104,0.0672,0.547,0.5414,213.48,71.16,0.993
doge,1h,<0.10,last 5%,57,43,35.79,0.1053,0.105,0.0513,1.0398,1.2853,37.21,20.14,0.93
doge,1h,>=0.97,20-50% left,282,217,7483.24,0.9929,0.9954,0.9885,0.0063,0.0041,47.0,29.86,0.089
doge,1h,>=0.97,5-20% left,317,252,7110.55,0.9968,0.9987,0.9924,0.0059,0.0015,41.88,9.37,0.098
doge,1h,>=0.97,>50% left,28,24,1541.66,1.0,1.0,0.987,0.0124,0.0013,19.04,0.0,0.071
doge,1h,>=0.97,last 5%,364,322,9136.71,1.0,1.0,0.9957,0.0041,0.0004,37.35,0.0,0.093
doge,4h,0.10-0.30,20-50% left,218,139,739.94,0.1651,0.2002,0.1808,0.102,0.2225,75.51,154.06,0.931
doge,4h,0.10-0.30,5-20% left,182,116,552.66,0.1044,0.1107,0.153,-0.2797,0.2215,-154.57,218.34,0.951
doge,4h,0.10-0.30,>50% left,220,121,808.49,0.1864,0.1622,0.203,-0.2021,0.2206,-163.39,227.16,0.955
doge,4h,0.10-0.30,last 5%,48,34,132.46,0.125,0.1742,0.1835,-0.0654,0.3761,-8.66,55.87,0.875
doge,4h,0.30-0.50,20-50% left,91,58,375.72,0.3956,0.4807,0.4003,0.191,0.1817,71.76,56.28,0.835
doge,4h,0.30-0.50,5-20% left,39,27,244.48,0.3333,0.282,0.3536,-0.214,0.2769,-52.32,96.0,0.821
doge,4h,0.30-0.50,>50% left,453,196,1970.88,0.5033,0.4954,0.4106,0.2014,0.0879,396.9,98.45,0.929
doge,4h,0.30-0.50,last 5%,4,3,17.58,0.5,0.1858,0.3284,-0.4547,0.4395,-7.99,12.11,0.5
doge,4h,0.50-0.70,20-50% left,39,28,550.27,0.641,0.7194,0.6041,0.1864,0.1603,102.59,57.37,0.795
doge,4h,0.50-0.70,5-20% left,23,15,159.67,0.5217,0.3817,0.5825,-0.3468,0.2294,-55.37,74.58,0.87
doge,4h,0.50-0.70,>50% left,198,97,1268.07,0.5556,0.6604,0.5771,0.1428,0.0991,181.09,76.13,0.934
doge,4h,0.50-0.70,last 5%,5,4,40.22,0.4,0.2065,0.5799,-0.6459,0.3435,-25.98,29.81,0.6
doge,4h,0.70-0.90,20-50% left,59,46,1028.59,0.8644,0.8925,0.8228,0.0831,0.0561,85.46,34.41,0.831
doge,4h,0.70-0.90,5-20% left,27,24,369.44,0.8148,0.9128,0.8371,0.0893,0.0696,33.01,19.52,0.889
doge,4h,0.70-0.90,>50% left,82,60,1487.29,0.8902,0.8533,0.7972,0.068,0.083,101.15,93.5,0.841
doge,4h,0.70-0.90,last 5%,5,4,11.07,1.0,1.0,0.8156,0.2193,0.0217,2.43,0.0,0.8
doge,4h,0.90-0.97,20-50% left,26,24,478.19,0.9615,0.9791,0.9376,0.0436,0.0229,20.85,9.64,0.654
doge,4h,0.90-0.97,5-20% left,22,19,250.41,0.9545,0.9623,0.9433,0.0195,0.0402,4.88,9.06,0.773
doge,4h,0.90-0.97,>50% left,9,8,177.34,1.0,1.0,0.9248,0.0807,0.0103,14.32,0.0,0.667
doge,4h,0.90-0.97,last 5%,9,9,169.76,1.0,1.0,0.9523,0.0481,0.001,8.16,0.0,0.333
doge,4h,<0.10,20-50% left,108,63,128.21,0.0556,0.093,0.0534,0.7397,0.9386,94.84,58.63,0.972
doge,4h,<0.10,5-20% left,147,88,129.55,0.034,0.0314,0.0527,-0.4063,0.3447,-52.64,60.57,0.959
doge,4h,<0.10,>50% left,27,17,58.06,0.0741,0.0867,0.0629,0.378,1.041,21.94,50.22,0.963
doge,4h,<0.10,last 5%,33,29,26.2,0.0606,0.0155,0.0528,-0.7067,0.3029,-18.52,23.49,0.97
doge,4h,>=0.97,20-50% left,24,18,974.03,1.0,1.0,0.9906,0.0092,0.0021,8.91,0.0,0.292
doge,4h,>=0.97,5-20% left,69,57,1555.41,1.0,1.0,0.9937,0.0061,0.001,9.52,0.0,0.246
doge,4h,>=0.97,>50% left,7,5,462.17,1.0,1.0,0.9885,0.011,0.0009,5.06,0.0,0.143
doge,4h,>=0.97,last 5%,89,77,2098.5,0.9888,0.9958,0.9954,0.0002,0.0043,0.34,8.76,0.135
doge,5m,0.10-0.30,20-50% left,297,194,531.66,0.2424,0.2738,0.1664,0.6397,0.2524,340.13,65.69,0.96
doge,5m,0.10-0.30,5-20% left,134,108,285.29,0.3209,0.3315,0.1783,0.8495,0.3996,242.35,37.44,0.978
doge,5m,0.10-0.30,>50% left,732,517,1203.41,0.2445,0.2498,0.1915,0.2998,0.1583,360.84,119.74,0.966
doge,5m,0.10-0.30,last 5%,42,35,104.58,0.6667,0.6241,0.175,2.556,0.7041,267.31,14.66,0.976
doge,5m,0.30-0.50,20-50% left,147,104,746.47,0.449,0.4714,0.3879,0.2124,0.1799,158.53,81.13,0.918
doge,5m,0.30-0.50,5-20% left,111,66,504.29,0.4955,0.5724,0.4095,0.396,0.1888,199.7,75.42,0.982
doge,5m,0.30-0.50,>50% left,473,302,1964.07,0.5074,0.5437,0.3818,0.4206,0.1107,826.17,158.63,0.943
doge,5m,0.30-0.50,last 5%,22,17,135.35,0.8182,0.701,0.3803,0.8427,0.3601,114.06,16.5,0.955
doge,5m,0.50-0.70,20-50% left,119,101,986.94,0.7479,0.8004,0.5984,0.3328,0.0882,328.41,30.46,0.84
doge,5m,0.50-0.70,5-20% left,101,79,831.03,0.7525,0.6974,0.5878,0.186,0.1392,154.58,170.12,0.99
doge,5m,0.50-0.70,>50% left,339,283,2366.26,0.6785,0.6807,0.5978,0.1369,0.0628,324.05,141.98,0.947
doge,5m,0.50-0.70,last 5%,26,19,228.38,0.8077,0.8471,0.615,0.3764,0.1707,85.97,26.39,0.962
doge,5m,0.70-0.90,20-50% left,249,218,2964.4,0.8835,0.8633,0.8186,0.0542,0.0399,160.6,79.5,0.956
doge,5m,0.70-0.90,5-20% left,172,149,2286.68,0.936,0.9067,0.812,0.1163,0.0415,265.98,58.54,0.977
doge,5m,0.70-0.90,>50% left,593,469,5967.92,0.86,0.8692,0.8032,0.0815,0.0255,486.66,94.02,0.963
doge,5m,0.70-0.90,last 5%,43,41,830.42,0.9767,0.9951,0.8307,0.198,0.0144,164.41,4.09,1.0
doge,5m,0.90-0.97,20-50% left,58,48,846.4,1.0,1.0,0.9273,0.0773,0.0046,65.43,0.0,0.724
doge,5m,0.90-0.97,5-20% left,84,70,1296.26,0.9524,0.8891,0.9276,-0.0417,0.0597,-54.04,127.06,0.964
doge,5m,0.90-0.97,>50% left,56,44,927.11,0.9464,0.9751,0.9235,0.0553,0.0226,51.27,22.53,0.821
doge,5m,0.90-0.97,last 5%,91,76,1978.84,0.8242,0.8076,0.9306,-0.1323,0.0555,-261.77,313.05,0.945
doge,5m,<0.10,20-50% left,281,208,156.15,0.1352,0.1406,0.0534,1.6269,0.7482,254.04,36.66,0.979
doge,5m,<0.10,5-20% left,95,71,72.61,0.1474,0.1853,0.0507,2.6372,1.2475,191.49,38.58,0.958
doge,5m,<0.10,>50% left,280,204,173.86,0.0821,0.1245,0.0601,1.0661,0.6011,185.35,46.74,0.982
doge,5m,<0.10,last 5%,17,9,7.05,0.0588,0.0423,0.0503,-0.1635,0.9753,-1.15,5.46,0.941
doge,5m,>=0.97,20-50% left,43,39,698.24,1.0,1.0,0.9869,0.0126,0.0018,8.77,0.0,0.14
doge,5m,>=0.97,5-20% left,61,55,976.11,0.9836,0.9494,0.9873,-0.0388,0.049,-37.87,48.5,0.311
doge,5m,>=0.97,>50% left,5,5,91.21,1.0,1.0,0.9794,0.02,0.0061,1.82,0.0,0.2
doge,5m,>=0.97,last 5%,45,42,1163.57,0.9778,0.9891,0.9764,0.0128,0.0115,14.91,12.64,0.622
eth,15m,0.10-0.30,20-50% left,978,621,2527.65,0.1912,0.2083,0.1782,0.1637,0.0997,413.74,179.13,0.922
eth,15m,0.10-0.30,5-20% left,365,232,906.35,0.1836,0.2188,0.1772,0.2258,0.1737,204.68,119.06,0.907
eth,15m,0.10-0.30,>50% left,1410,798,4174.01,0.2057,0.1821,0.1903,-0.0497,0.0878,-207.39,484.75,0.895
eth,15m,0.10-0.30,last 5%,97,60,211.46,0.268,0.2474,0.1658,0.4917,0.3933,103.97,40.99,0.99
eth,15m,0.30-0.50,20-50% left,256,166,1702.25,0.4062,0.3972,0.382,0.0356,0.104,60.66,141.71,0.914
eth,15m,0.30-0.50,5-20% left,135,82,815.24,0.5407,0.4907,0.3789,0.2937,0.1856,239.44,102.38,0.978
eth,15m,0.30-0.50,>50% left,2085,1254,14460.16,0.4499,0.4508,0.4279,0.0526,0.0367,760.7,498.05,0.971
eth,15m,0.30-0.50,last 5%,43,31,255.89,0.7209,0.7217,0.3868,0.863,0.2331,220.84,18.72,0.977
eth,15m,0.50-0.70,20-50% left,295,177,3010.56,0.6814,0.6637,0.6092,0.0854,0.0639,257.0,162.53,0.871
eth,15m,0.50-0.70,5-20% left,120,77,1342.44,0.7167,0.734,0.5978,0.2257,0.1083,303.02,87.54,0.933
eth,15m,0.50-0.70,>50% left,1715,1036,16082.91,0.5878,0.582,0.5943,-0.023,0.0269,-370.03,932.55,0.92
eth,15m,0.50-0.70,last 5%,59,34,572.62,0.8814,0.8337,0.6021,0.3828,0.1332,219.19,33.3,0.966
eth,15m,0.70-0.90,20-50% left,373,267,5057.11,0.8445,0.8357,0.7943,0.0503,0.034,254.18,160.94,0.842
eth,15m,0.70-0.90,5-20% left,120,95,2108.26,0.8,0.8142,0.8157,-0.0026,0.0509,-5.57,126.63,0.917
eth,15m,0.70-0.90,>50% left,1249,830,16483.66,0.7998,0.8347,0.7849,0.0615,0.0183,1013.51,177.32,0.854
eth,15m,0.70-0.90,last 5%,104,72,1629.23,0.8942,0.9228,0.8099,0.139,0.0473,226.39,62.02,0.981
eth,15m,0.90-0.97,20-50% left,165,148,3375.97,0.9636,0.9706,0.9345,0.0378,0.014,127.53,42.67,0.764
eth,15m,0.90-0.97,5-20% left,85,75,1918.45,0.9765,0.9762,0.9351,0.0437,0.0188,83.79,28.2,0.894
eth,15m,0.90-0.97,>50% left,134,107,2689.79,0.9328,0.933,0.9263,0.0058,0.0262,15.57,46.38,0.657
eth,15m,0.90-0.97,last 5%,86,72,1886.17,1.0,1.0,0.9375,0.0667,0.0028,125.77,0.0,0.977
eth,15m,<0.10,20-50% left,566,389,579.29,0.0954,0.0864,0.0634,0.3496,0.2504,202.53,94.49,0.871
eth,15m,<0.10,5-20% left,323,223,291.96,0.0619,0.0958,0.0631,0.5064,0.3625,147.85,68.75,0.907
eth,15m,<0.10,>50% left,510,306,599.15,0.0608,0.0712,0.0621,0.1315,0.2938,78.77,105.46,0.847
eth,15m,<0.10,last 5%,64,46,69.7,0.1562,0.1342,0.0657,1.0341,0.8446,72.08,19.59,0.938
eth,15m,>=0.97,20-50% left,227,168,4719.76,0.9912,0.9909,0.9864,0.0042,0.007,19.7,29.44,0.463
eth,15m,>=0.97,5-20% left,262,203,5429.55,1.0,1.0,0.9918,0.008,0.0006,43.67,0.0,0.477
eth,15m,>=0.97,>50% left,29,24,639.58,1.0,1.0,0.9805,0.0192,0.0019,12.27,0.0,0.517
eth,15m,>=0.97,last 5%,148,125,2866.19,1.0,1.0,0.9934,0.0066,0.0008,18.77,0.0,0.588
eth,1d,0.10-0.30,20-50% left,203,49,1864.15,0.1823,0.1654,0.2016,-0.1937,0.2936,-361.08,793.93,0.803
eth,1d,0.10-0.30,5-20% left,174,46,1637.21,0.1609,0.1369,0.1821,-0.259,0.3432,-423.97,730.01,0.776
eth,1d,0.10-0.30,>50% left,181,46,1497.78,0.232,0.282,0.2203,0.2689,0.4491,402.69,310.48,0.912
eth,1d,0.10-0.30,last 5%,120,34,952.49,0.1917,0.2794,0.1975,0.3978,0.3997,378.87,185.38,0.867
eth,1d,0.30-0.50,20-50% left,211,52,3063.27,0.4787,0.5387,0.4006,0.3235,0.188,991.06,288.5,0.692
eth,1d,0.30-0.50,5-20% left,167,43,2845.33,0.4371,0.5128,0.4066,0.2373,0.1414,675.25,411.03,0.647
eth,1d,0.30-0.50,>50% left,581,97,8793.16,0.4131,0.4594,0.3973,0.1386,0.1753,1218.48,893.16,0.735
eth,1d,0.30-0.50,last 5%,64,22,1254.21,0.375,0.3733,0.4034,-0.0893,0.1346,-112.01,300.05,0.703
eth,1d,0.50-0.70,20-50% left,226,60,4946.99,0.5796,0.5027,0.6101,-0.1823,0.0827,-901.83,1165.56,0.801
eth,1d,0.50-0.70,5-20% left,222,52,5740.83,0.5901,0.5591,0.6077,-0.0863,0.0905,-495.67,835.21,0.784
eth,1d,0.50-0.70,>50% left,335,79,8276.47,0.5343,0.4755,0.5999,-0.2126,0.1643,-1759.27,2380.63,0.791
eth,1d,0.50-0.70,last 5%,49,17,1544.06,0.7347,0.717,0.5872,0.2063,0.1325,318.48,198.26,0.612
eth,1d,0.70-0.90,20-50% left,285,65,10014.86,0.8421,0.8235,0.7923,0.0361,0.078,361.41,585.01,0.849
eth,1d,0.70-0.90,5-20% left,239,61,7467.12,0.7866,0.7979,0.7956,0.0004,0.0628,3.19,478.13,0.866
eth,1d,0.70-0.90,>50% left,167,47,6214.7,0.7784,0.7359,0.7779,-0.0611,0.1038,-379.53,833.24,0.749
eth,1d,0.70-0.90,last 5%,87,30,2604.99,0.8966,0.8574,0.8056,0.0613,0.09,159.56,192.82,0.816
eth,1d,0.90-0.97,20-50% left,71,27,3603.12,1.0,1.0,0.9377,0.0654,0.0049,235.63,0.0,0.831
eth,1d,0.90-0.97,5-20% left,97,39,4722.17,0.9175,0.9307,0.9309,-0.0015,0.0617,-7.03,277.09,0.866
eth,1d,0.90-0.97,>50% left,11,6,417.68,1.0,1.0,0.9155,0.0923,0.0056,38.56,0.0,1.0
eth,1d,0.90-0.97,last 5%,38,20,1365.34,1.0,1.0,0.9387,0.0652,0.0055,89.08,0.0,0.974
eth,1d,<0.10,20-50% left,49,15,107.65,0.0204,0.0236,0.0503,-0.5355,0.4969,-57.65,103.15,0.878
eth,1d,<0.10,5-20% left,73,33,195.64,0.0411,0.0765,0.0506,0.472,1.1458,92.35,140.4,0.808
eth,1d,<0.10,>50% left,12,5,19.89,0.0,0.0,0.0664,-1.0,0.0,-19.89,19.89,0.917
eth,1d,<0.10,last 5%,58,31,104.38,0.1379,0.1049,0.0437,1.3817,1.1076,144.22,43.74,0.897
eth,1d,>=0.97,20-50% left,13,7,1005.68,1.0,1.0,0.9771,0.0233,0.0019,23.41,0.0,0.846
eth,1d,>=0.97,5-20% left,21,14,1609.39,1.0,1.0,0.9793,0.0203,0.0022,32.68,0.0,0.524
eth,1d,>=0.97,>50% left,1,1,48.7,1.0,1.0,0.974,0.0267,,1.3,0.0,1.0
eth,1d,>=0.97,last 5%,32,18,1763.3,1.0,1.0,0.9818,0.0183,0.0022,32.28,0.0,0.781
eth,1h,0.10-0.30,20-50% left,1428,682,6129.04,0.1296,0.1506,0.1791,-0.1737,0.0946,-1064.36,1228.7,0.759
eth,1h,0.10-0.30,5-20% left,517,290,2242.78,0.1992,0.1873,0.1729,0.0716,0.1525,160.69,425.36,0.826
eth,1h,0.10-0.30,>50% left,2037,786,8939.91,0.1919,0.1877,0.1857,0.0011,0.0859,9.91,619.08,0.843
eth,1h,0.10-0.30,last 5%,79,50,356.05,0.2911,0.1984,0.1831,0.0762,0.3862,27.13,108.13,0.873
eth,1h,0.30-0.50,20-50% left,540,307,5639.53,0.3537,0.3364,0.3959,-0.1668,0.0827,-940.77,1169.3,0.509
eth,1h,0.30-0.50,5-20% left,192,107,1990.94,0.4531,0.4507,0.4009,0.1059,0.1452,210.8,276.93,0.589
eth,1h,0.30-0.50,>50% left,1433,736,14235.59,0.4306,0.4321,0.4115,0.0398,0.0471,567.2,573.29,0.733
eth,1h,0.30-0.50,last 5%,59,40,672.51,0.4068,0.458,0.3881,0.1737,0.2726,116.83,125.23,0.881
eth,1h,0.50-0.70,20-50% left,577,281,7840.25,0.6031,0.5976,0.5909,-0.0042,0.0575,-33.19,556.26,0.549
eth,1h,0.50-0.70,5-20% left,132,79,1993.13,0.6439,0.7043,0.6033,0.1513,0.0984,301.62,169.91,0.568
eth,1h,0.50-0.70,>50% left,2158,848,27610.12,0.5964,0.5889,0.6004,-0.0274,0.0275,-757.62,1311.84,0.708
eth,1h,0.50-0.70,last 5%,25,24,390.4,0.72,0.7214,0.5657,0.2716,0.2121,106.01,53.96,0.8
eth,1h,0.70-0.90,20-50% left,840,496,19258.9,0.8262,0.835,0.8024,0.037,0.026,712.14,272.7,0.725
eth,1h,0.70-0.90,5-20% left,146,100,3135.45,0.8356,0.8147,0.7955,0.0199,0.0651,62.38,191.79,0.658
eth,1h,0.70-0.90,>50% left,1847,830,37228.57,0.7894,0.8026,0.7839,0.0209,0.0208,777.31,546.34,0.807
eth,1h,0.70-0.90,last 5%,35,27,741.82,0.7714,0.8264,0.8137,0.0121,0.1222,8.98,66.9,0.771
eth,1h,0.90-0.97,20-50% left,374,254,12803.54,0.9492,0.9706,0.9371,0.0346,0.0115,442.51,162.06,0.735
eth,1h,0.90-0.97,5-20% left,92,77,2324.47,0.9674,0.9845,0.9424,0.0432,0.0119,100.36,18.31,0.62
eth,1h,0.90-0.97,>50% left,220,128,7947.31,0.9273,0.9272,0.9312,-0.006,0.0368,-47.94,277.52,0.641
eth,1h,0.90-0.97,last 5%,42,36,1221.86,0.9286,0.876,0.9356,-0.0657,0.0965,-80.27,148.12,0.643
eth,1h,<0.10,20-50% left,1217,512,1612.83,0.0583,0.0597,0.0501,0.1791,0.2902,288.82,267.18,0.877
eth,1h,<0.10,5-20% left,878,458,974.74,0.0581,0.0627,0.0474,0.3161,0.2878,308.16,242.07,0.926
eth,1h,<0.10,>50% left,735,254,1234.94,0.0735,0.0918,0.0584,0.5652,0.4179,698.02,204.86,0.951
eth,1h,<0.10,last 5%,140,99,153.92,0.05,0.0877,0.044,0.9816,0.7724,151.08,39.14,0.929
eth,1h,>=0.97,20-50% left,271,166,15094.95,0.9963,0.9894,0.985,0.0039,0.0106,58.56,158.22,0.421
eth,1h,>=0.97,5-20% left,243,204,12689.6,1.0,1.0,0.9891,0.0107,0.0007,135.21,0.0,0.494
eth,1h,>=0.97,>50% left,68,37,4212.93,1.0,1.0,0.98,0.0199,0.0013,83.67,0.0,0.603
eth,1h,>=0.97,last 5%,252,205,10786.34,1.0,1.0,0.9948,0.005,0.0005,54.13,0.0,0.5
eth,4h,0.10-0.30,20-50% left,737,282,4272.64,0.2157,0.1852,0.1745,0.05,0.1447,213.73,561.52,0.859
eth,4h,0.10-0.30,5-20% left,338,162,1659.76,0.1864,0.2109,0.1704,0.2271,0.267,376.89,429.16,0.908
eth,4h,0.10-0.30,>50% left,1041,305,6780.56,0.1892,0.1736,0.1963,-0.1222,0.1285,-828.4,1582.23,0.906
eth,4h,0.10-0.30,last 5%,54,38,437.23,0.1667,0.1502,0.1929,-0.2245,0.3459,-98.16,220.74,0.907
eth,4h,0.30-0.50,20-50% left,315,156,3903.49,0.4127,0.3923,0.3931,-0.0127,0.1111,-49.42,289.83,0.765
eth,4h,0.30-0.50,5-20% left,101,54,1260.56,0.396,0.3762,0.373,0.0036,0.1922,4.52,142.31,0.861
eth,4h,0.30-0.50,>50% left,1076,378,9739.54,0.4229,0.3989,0.3999,-0.0107,0.0603,-104.29,662.47,0.821
eth,4h,0.30-0.50,last 5%,32,20,432.81,0.5,0.4284,0.3689,0.1486,0.3564,64.3,169.95,0.75
eth,4h,0.50-0.70,20-50% left,511,186,9378.87,0.6301,0.6342,0.6046,0.0432,0.061,405.01,662.06,0.787
eth,4h,0.50-0.70,5-20% left,112,50,1972.38,0.6964,0.6088,0.5925,0.0248,0.1138,48.94,152.87,0.866
eth,4h,0.50-0.70,>50% left,1587,419,25406.65,0.5904,0.5751,0.6022,-0.0503,0.0331,-1278.98,1560.52,0.805
eth,4h,0.50-0.70,last 5%,13,11,233.42,0.8462,0.8709,0.5895,0.4764,0.1872,111.21,34.5,0.923
eth,4h,0.70-0.90,20-50% left,649,275,18247.42,0.7643,0.767,0.799,-0.0423,0.0397,-772.19,1165.13,0.843
eth,4h,0.70-0.90,5-20% left,174,99,4565.61,0.8621,0.7926,0.8018,-0.0129,0.0759,-58.82,357.41,0.868
eth,4h,0.70-0.90,>50% left,904,307,27309.78,0.8142,0.8408,0.779,0.0775,0.029,2116.11,600.88,0.886
eth,4h,0.70-0.90,last 5%,44,25,975.45,1.0,1.0,0.7891,0.266,0.0186,259.45,0.0,0.864
eth,4h,0.90-0.97,20-50% left,297,159,11333.72,0.9596,0.9647,0.9338,0.0322,0.0186,365.27,239.26,0.825
eth,4h,0.90-0.97,5-20% left,145,96,5540.84,0.9448,0.9324,0.9347,-0.0033,0.0389,-18.33,143.57,0.807
eth,4h,0.90-0.97,>50% left,147,55,6808.67,0.9864,0.985,0.9251,0.0632,0.0147,430.16,87.4,0.721
eth,4h,0.90-0.97,last 5%,38,28,1508.2,1.0,1.0,0.9351,0.069,0.0051,104.12,0.0,0.895
eth,4h,<0.10,20-50% left,741,180,990.98,0.1228,0.0868,0.0531,0.6251,0.5287,619.51,193.92,0.939
eth,4h,<0.10,5-20% left,663,194,704.82,0.0498,0.0646,0.0482,0.3335,0.4381,235.04,108.78,0.953
eth,4h,<0.10,>50% left,164,61,452.74,0.0366,0.0326,0.07,-0.5371,0.2765,-243.18,243.18,0.866
eth,4h,<0.10,last 5%,149,60,154.83,0.0403,0.0197,0.0453,-0.5654,0.4374,-87.54,92.04,0.946
eth,4h,>=0.97,20-50% left,85,56,5037.67,1.0,1.0,0.9815,0.0183,0.0015,92.06,0.0,0.447
eth,4h,>=0.97,5-20% left,120,90,7596.9,0.9917,0.9916,0.9888,0.0024,0.0087,18.39,64.53,0.542
eth,4h,>=0.97,>50% left,18,13,1659.66,1.0,1.0,0.9802,0.0194,0.0021,32.25,0.0,0.444
eth,4h,>=0.97,last 5%,123,96,6059.14,1.0,1.0,0.993,0.0069,0.001,41.72,0.0,0.415
eth,5m,0.10-0.30,20-50% left,1688,798,6828.57,0.2121,0.2354,0.1885,0.2404,0.1324,1641.58,375.15,0.934
eth,5m,0.10-0.30,5-20% left,1113,528,3597.65,0.1923,0.2059,0.1755,0.1688,0.1417,607.28,411.27,0.965
eth,5m,0.10-0.30,>50% left,2871,1319,14356.84,0.2177,0.2293,0.2073,0.1016,0.0786,1459.05,845.21,0.942
eth,5m,0.10-0.30,last 5%,228,120,703.67,0.3772,0.3526,0.1819,0.9258,0.3559,651.43,66.67,0.965
eth,5m,0.30-0.50,20-50% left,804,351,7378.02,0.4328,0.4402,0.3803,0.1489,0.1132,1098.31,409.41,0.877
eth,5m,0.30-0.50,5-20% left,466,199,3667.05,0.4979,0.5346,0.3901,0.3636,0.1511,1333.24,397.12,0.929
eth,5m,0.30-0.50,>50% left,4396,1925,47159.84,0.4056,0.4302,0.4068,0.0531,0.0375,2503.63,1421.45,0.936
eth,5m,0.30-0.50,last 5%,127,75,1461.68,0.622,0.6047,0.3997,0.4895,0.2106,715.44,260.59,0.874
eth,5m,0.50-0.70,20-50% left,695,384,11448.92,0.6719,0.7168,0.6063,0.1733,0.052,1984.3,362.71,0.816
eth,5m,0.50-0.70,5-20% left,381,183,6135.28,0.7087,0.7616,0.6043,0.252,0.0693,1546.32,195.7,0.895
eth,5m,0.50-0.70,>50% left,4414,2223,74275.46,0.6001,0.603,0.5939,0.0113,0.0234,841.24,2368.89,0.907
eth,5m,0.50-0.70,last 5%,108,73,2034.27,0.8519,0.892,0.6101,0.4504,0.0794,916.3,67.0,0.87
eth,5m,0.70-0.90,20-50% left,1347,757,28676.14,0.8478,0.8485,0.8059,0.0511,0.0224,1465.45,469.98,0.89
eth,5m,0.70-0.90,5-20% left,593,347,14862.82,0.8853,0.896,0.8186,0.093,0.0232,1381.79,142.87,0.899
eth,5m,0.70-0.90,>50% left,3830,1911,88196.87,0.7992,0.8033,0.7888,0.0169,0.0151,1491.47,1404.44,0.93
eth,5m,0.70-0.90,last 5%,271,162,10004.88,0.8745,0.7838,0.8152,-0.0417,0.0847,-417.33,830.63,0.875
eth,5m,0.90-0.97,20-50% left,618,464,21823.42,0.945,0.9385,0.9296,0.0092,0.0157,200.0,257.83,0.893
eth,5m,0.90-0.97,5-20% left,446,329,16920.39,0.9641,0.9798,0.934,0.0489,0.0083,827.08,135.53,0.948
eth,5m,0.90-0.97,>50% left,509,348,15659.56,0.9489,0.9388,0.9206,0.0196,0.0185,306.48,165.58,0.931
eth,5m,0.90-0.97,last 5%,321,207,13340.2,0.919,0.8828,0.9404,-0.0614,0.0402,-819.74,840.74,0.947
eth,5m,<0.10,20-50% left,1229,603,1292.48,0.0545,0.0564,0.0503,0.1161,0.2529,150.07,309.69,0.965
eth,5m,<0.10,5-20% left,1454,712,1330.4,0.0763,0.0789,0.0485,0.6245,0.273,830.77,135.64,0.972
eth,5m,<0.10,>50% left,695,320,1071.6,0.0691,0.0715,0.0477,0.4941,0.3664,529.48,185.09,0.964
eth,5m,<0.10,last 5%,253,113,234.38,0.1621,0.152,0.0494,2.0767,0.8977,486.74,42.38,0.992
eth,5m,>=0.97,20-50% left,68,55,2917.28,0.9706,0.9772,0.9728,0.0043,0.0184,12.57,52.93,0.897
eth,5m,>=0.97,5-20% left,55,46,2325.41,1.0,1.0,0.9739,0.0266,0.001,61.82,0.0,0.818
eth,5m,>=0.97,>50% left,2,2,92.66,1.0,1.0,0.9747,0.0252,0.006,2.34,0.0,0.5
eth,5m,>=0.97,last 5%,91,65,4790.54,0.8901,0.9062,0.9741,-0.0699,0.0702,-334.92,434.57,0.89
sol,15m,0.10-0.30,20-50% left,2186,1138,3899.01,0.1464,0.1663,0.1675,-0.0126,0.0757,-49.17,696.71,0.955
sol,15m,0.10-0.30,5-20% left,453,246,953.78,0.1854,0.197,0.1819,0.0694,0.1669,66.21,98.77,0.861
sol,15m,0.10-0.30,>50% left,4456,1820,8484.05,0.1876,0.1958,0.1935,0.0082,0.0999,69.91,924.26,0.972
sol,15m,0.10-0.30,last 5%,109,66,236.77,0.2936,0.2933,0.1819,0.6046,0.3582,143.15,68.64,0.936
sol,15m,0.30-0.50,20-50% left,437,284,2404.53,0.405,0.4109,0.3744,0.0771,0.0909,185.5,166.26,0.645
sol,15m,0.30-0.50,5-20% left,215,134,948.34,0.3814,0.4182,0.3694,0.1188,0.1456,112.71,150.92,0.791
sol,15m,0.30-0.50,>50% left,1105,617,5899.27,0.419,0.4416,0.3917,0.1205,0.0646,710.67,201.24,0.843
sol,15m,0.30-0.50,last 5%,53,36,215.81,0.6415,0.6979,0.3974,0.7533,0.2553,162.56,45.49,0.981
sol,15m,0.50-0.70,20-50% left,176,103,1537.91,0.5966,0.6265,0.6002,0.0335,0.1047,51.5,175.19,0.597
sol,15m,0.50-0.70,5-20% left,85,43,705.29,0.7529,0.7523,0.6023,0.2418,0.1231,170.57,61.23,0.8
sol,15m,0.50-0.70,>50% left,603,400,5880.83,0.6219,0.6556,0.6017,0.0849,0.042,499.49,242.04,0.799
sol,15m,0.50-0.70,last 5%,17,13,118.92,0.4706,0.3905,0.5625,-0.309,0.2939,-36.75,40.94,0.941
sol,15m,0.70-0.90,20-50% left,174,125,2575.08,0.8161,0.8446,0.807,0.0442,0.0491,113.71,81.35,0.822
sol,15m,0.70-0.90,5-20% left,42,37,528.52,0.7857,0.7285,0.8285,-0.1227,0.1104,-64.87,110.8,0.786
sol,15m,0.70-0.90,>50% left,1133,630,15245.32,0.8173,0.8241,0.8041,0.0241,0.0211,367.71,287.6,0.936
sol,15m,0.70-0.90,last 5%,45,38,677.08,0.8444,0.8572,0.8064,0.0627,0.0856,42.43,76.26,0.956
sol,15m,0.90-0.97,20-50% left,165,142,3091.76,0.9576,0.9675,0.9382,0.0311,0.0163,96.13,29.52,0.927
sol,15m,0.90-0.97,5-20% left,86,79,1704.54,0.9767,0.9779,0.9459,0.0336,0.0189,57.27,28.8,0.872
sol,15m,0.90-0.97,>50% left,184,138,3592.26,0.9402,0.9332,0.9207,0.0134,0.0262,48.01,81.79,0.951
sol,15m,0.90-0.97,last 5%,48,40,871.2,0.9167,0.8655,0.9463,-0.0858,0.0641,-74.72,99.55,0.896
sol,15m,<0.10,20-50% left,1261,808,873.4,0.0484,0.0552,0.0647,-0.1488,0.1513,-129.93,226.57,0.982
sol,15m,<0.10,5-20% left,329,229,207.51,0.1185,0.1594,0.0596,1.6627,0.5171,345.03,27.25,0.957
sol,15m,<0.10,>50% left,634,408,653.91,0.0946,0.0701,0.0657,0.0656,0.2443,42.87,143.21,0.973
sol,15m,<0.10,last 5%,54,37,41.43,0.0556,0.0674,0.0636,0.0558,0.6222,2.31,29.52,0.944
sol,15m,>=0.97,20-50% left,195,164,4590.56,1.0,1.0,0.9879,0.0119,0.0009,54.85,0.0,0.379
sol,15m,>=0.97,5-20% left,451,396,10183.03,1.0,1.0,0.9947,0.0052,0.0004,53.0,0.0,0.286
sol,15m,>=0.97,>50% left,15,14,395.68,1.0,1.0,0.983,0.0166,0.0024,6.55,0.0,0.267
sol,15m,>=0.97,last 5%,444,406,10599.18,0.9977,0.9999,0.9952,0.0046,0.0004,48.98,0.65,0.248
sol,1d,0.10-0.30,20-50% left,57,26,241.91,0.1579,0.1485,0.1863,-0.2068,0.3208,-50.02,89.36,0.825
sol,1d,0.10-0.30,5-20% left,90,33,443.06,0.1889,0.2189,0.1955,0.1174,0.4054,52.01,127.84,0.933
sol,1d,0.10-0.30,>50% left,127,38,976.61,0.1457,0.1234,0.2207,-0.4411,0.2805,-430.83,569.03,0.984
sol,1d,0.10-0.30,last 5%,39,12,199.66,0.2308,0.3388,0.1913,0.7635,0.6361,152.44,61.54,0.974
sol,1d,0.30-0.50,20-50% left,91,21,843.82,0.5275,0.3561,0.4056,-0.1265,0.2461,-106.78,337.97,0.901
sol,1d,0.30-0.50,5-20% left,63,18,501.82,0.5794,0.4615,0.3895,0.1748,0.2515,87.72,84.66,0.794
sol,1d,0.30-0.50,>50% left,271,51,3299.17,0.4225,0.4016,0.3945,0.016,0.0986,52.87,334.2,0.915
sol,1d,0.30-0.50,last 5%,19,6,242.12,0.4474,0.5288,0.4072,0.2874,0.2051,69.6,24.95,0.737
sol,1d,0.50-0.70,20-50% left,84,27,942.43,0.5357,0.5976,0.5995,-0.0071,0.1485,-6.73,141.7,0.845
sol,1d,0.50-0.70,5-20% left,39,18,337.27,0.5769,0.6693,0.628,0.0582,0.1653,19.63,44.12,0.769
sol,1d,0.50-0.70,>50% left,128,45,1739.53,0.6055,0.6548,0.598,0.0913,0.1047,158.76,114.25,0.852
sol,1d,0.50-0.70,last 5%,11,6,333.9,0.7727,0.5043,0.6011,-0.1622,0.186,-54.16,96.4,0.818
sol,1d,0.70-0.90,20-50% left,68,30,2131.75,0.8382,0.8151,0.8041,0.0112,0.0887,23.92,213.15,0.838
sol,1d,0.70-0.90,5-20% left,62,27,1382.98,0.7742,0.7657,0.8152,-0.0615,0.1061,-85.1,225.84,0.919
sol,1d,0.70-0.90,>50% left,57,19,1344.0,0.9298,0.9405,0.7589,0.2325,0.0784,312.47,77.91,0.789
sol,1d,0.70-0.90,last 5%,24,12,688.94,0.9583,0.9417,0.8018,0.1718,0.0905,118.4,44.5,0.625
sol,1d,0.90-0.97,20-50% left,39,12,1410.63,0.9744,0.97,0.9379,0.0342,0.035,48.25,41.12,1.0
sol,1d,0.90-0.97,5-20% left,37,19,1216.78,0.9459,0.9501,0.9352,0.0157,0.0533,19.1,59.05,0.892
sol,1d,0.90-0.97,>50% left,5,3,98.96,1.0,1.0,0.9085,0.0951,0.0097,9.41,0.0,0.6
sol,1d,0.90-0.97,last 5%,7,6,200.23,1.0,1.0,0.9452,0.0564,0.0116,11.29,0.0,0.714
sol,1d,<0.10,20-50% left,26,9,53.02,0.0385,0.0426,0.0453,-0.0659,0.9996,-3.49,25.76,0.923
sol,1d,<0.10,5-20% left,34,15,83.47,0.1765,0.0438,0.0602,-0.2722,0.7647,-22.72,71.67,1.0
sol,1d,<0.10,>50% left,5,4,12.63,0.0,0.0,0.083,-1.0,0.0,-12.63,12.63,1.0
sol,1d,<0.10,last 5%,26,10,41.14,0.1538,0.2251,0.0551,3.0733,3.5611,126.45,24.8,0.923
sol,1d,>=0.97,20-50% left,16,8,1005.07,1.0,1.0,0.9769,0.0235,0.0008,23.6,0.0,0.812
sol,1d,>=0.97,5-20% left,12,7,845.16,1.0,1.0,0.987,0.0125,0.0018,10.55,0.0,0.333
sol,1d,>=0.97,>50% left,2,2,271.27,1.0,1.0,0.9864,0.0129,0.0057,3.49,0.0,0.0
sol,1d,>=0.97,last 5%,29,18,1565.28,1.0,1.0,0.9872,0.0126,0.0021,19.69,0.0,0.517
sol,1h,0.10-0.30,20-50% left,1040,533,3858.21,0.151,0.1581,0.1716,-0.0816,0.1052,-314.96,560.35,0.953
sol,1h,0.10-0.30,5-20% left,365,228,1400.24,0.1836,0.1807,0.176,0.0209,0.1602,29.22,276.56,0.907
sol,1h,0.10-0.30,>50% left,1554,665,6984.81,0.2001,0.1927,0.188,0.0236,0.1002,165.13,510.72,0.974
sol,1h,0.10-0.30,last 5%,78,50,331.98,0.2051,0.2476,0.1928,0.2695,0.369,89.46,82.32,0.872
sol,1h,0.30-0.50,20-50% left,362,180,3441.96,0.3702,0.3659,0.3972,-0.0911,0.1275,-313.63,517.08,0.539
sol,1h,0.30-0.50,5-20% left,172,109,1364.21,0.3953,0.3567,0.3697,-0.0459,0.1553,-62.66,389.39,0.657
sol,1h,0.30-0.50,>50% left,1159,520,8825.71,0.371,0.3999,0.4069,-0.0243,0.04,-214.4,483.46,0.767
sol,1h,0.30-0.50,last 5%,65,37,453.55,0.3538,0.459,0.373,0.2238,0.269,101.52,99.79,0.877
sol,1h,0.50-0.70,20-50% left,109,73,1417.73,0.578,0.5497,0.5824,-0.0671,0.1341,-95.08,311.22,0.468
sol,1h,0.50-0.70,5-20% left,48,33,510.33,0.5625,0.4649,0.586,-0.2117,0.1675,-108.06,130.53,0.688
sol,1h,0.50-0.70,>50% left,287,181,3621.61,0.5958,0.5662,0.5922,-0.0496,0.0776,-179.55,296.15,0.592
sol,1h,0.50-0.70,last 5%,9,8,74.96,0.7778,0.8909,0.5994,0.4863,0.1858,36.45,7.25,1.0
sol,1h,0.70-0.90,20-50% left,110,74,1766.59,0.8182,0.7872,0.8065,-0.0256,0.0836,-45.18,128.65,0.755
sol,1h,0.70-0.90,5-20% left,44,31,714.24,0.7955,0.8042,0.8272,-0.0297,0.094,-21.21,95.99,0.773
sol,1h,0.70-0.90,>50% left,299,168,5979.19,0.8328,0.8434,0.7939,0.0609,0.0391,363.85,174.42,0.86
sol,1h,0.70-0.90,last 5%,12,11,204.9,1.0,1.0,0.7975,0.25,0.0393,51.23,0.0,0.667
sol,1h,0.90-0.97,20-50% left,97,80,2237.07,0.9485,0.967,0.9379,0.0301,0.0211,67.36,39.58,0.784
sol,1h,0.90-0.97,5-20% left,45,42,743.19,1.0,1.0,0.934,0.0702,0.0038,52.19,0.0,0.911
sol,1h,0.90-0.97,>50% left,35,27,1272.11,0.9143,0.9425,0.9132,0.0304,0.0462,38.72,45.31,0.686
sol,1h,0.90-0.97,last 5%,18,18,367.12,1.0,1.0,0.9382,0.064,0.0059,23.5,0.0,0.556
sol,1h,<0.10,20-50% left,625,390,895.86,0.0368,0.0469,0.0557,-0.1575,0.259,-141.05,320.17,0.989
sol,1h,<0.10,5-20% left,500,274,484.38,0.056,0.068,0.0516,0.3192,0.3327,154.61,177.06,0.996
sol,1h,<0.10,>50% left,409,200,733.68,0.0954,0.1222,0.0607,1.0115,0.5225,742.12,110.68,0.995
sol,1h,<0.10,last 5%,56,42,50.94,0.0893,0.0787,0.058,0.3464,0.8178,17.64,43.43,0.911
sol,1h,>=0.97,20-50% left,174,132,8489.62,1.0,1.0,0.9894,0.0104,0.0009,88.24,0.0,0.402
sol,1h,>=0.97,5-20% left,238,201,10456.34,1.0,1.0,0.9951,0.0047,0.0005,49.34,0.0,0.34
sol,1h,>=0.97,>50% left,22,18,1663.0,1.0,1.0,0.9854,0.014,0.0014,23.25,0.0,0.182
sol,1h,>=0.97,last 5%,248,216,10175.53,0.996,0.9995,0.9975,0.0019,0.0006,19.71,4.91,0.222
sol,4h,0.10-0.30,20-50% left,478,226,2678.59,0.1464,0.1671,0.1884,-0.1142,0.1532,-305.91,507.37,0.977
sol,4h,0.10-0.30,5-20% left,276,140,1586.6,0.1775,0.1525,0.1771,-0.1436,0.1756,-227.78,461.61,0.967
sol,4h,0.10-0.30,>50% left,639,250,4571.05,0.2034,0.2009,0.2052,-0.0216,0.1458,-98.94,872.37,0.98
sol,4h,0.10-0.30,last 5%,70,35,422.15,0.1429,0.2052,0.1908,0.0716,0.3367,30.22,129.15,0.971
sol,4h,0.30-0.50,20-50% left,239,119,2710.31,0.431,0.3799,0.3889,-0.0348,0.1323,-94.37,347.24,0.749
sol,4h,0.30-0.50,5-20% left,95,62,1288.99,0.4211,0.3893,0.3762,0.0247,0.1903,31.87,246.49,0.811
sol,4h,0.30-0.50,>50% left,614,224,5763.61,0.4267,0.4134,0.386,0.0652,0.0776,375.53,534.71,0.896
sol,4h,0.30-0.50,last 5%,45,23,499.13,0.2889,0.2339,0.4045,-0.4267,0.2569,-212.96,313.88,0.822
sol,4h,0.50-0.70,20-50% left,117,68,2127.28,0.6325,0.7061,0.5914,0.1863,0.1005,396.34,111.21,0.735
sol,4h,0.50-0.70,5-20% left,29,24,401.42,0.4483,0.2588,0.5684,-0.5494,0.1902,-220.53,257.0,0.586
sol,4h,0.50-0.70,>50% left,248,133,3511.12,0.5726,0.5402,0.5999,-0.1058,0.1001,-371.57,649.1,0.746
sol,4h,0.50-0.70,last 5%,4,4,181.93,0.75,0.9558,0.5602,0.7061,0.1791,128.45,7.18,1.0
sol,4h,0.70-0.90,20-50% left,136,77,2954.3,0.8529,0.792,0.7998,-0.0115,0.1007,-33.89,429.92,0.846
sol,4h,0.70-0.90,5-20% left,32,28,570.33,0.625,0.6358,0.8129,-0.2185,0.1784,-124.61,124.66,0.812
sol,4h,0.70-0.90,>50% left,167,90,5081.91,0.8743,0.8225,0.7947,0.0331,0.0737,168.24,323.09,0.838
sol,4h,0.70-0.90,last 5%,6,5,165.75,1.0,1.0,0.8203,0.2153,0.0109,35.68,0.0,0.667
sol,4h,0.90-0.97,20-50% left,69,45,2636.65,0.9275,0.8715,0.9389,-0.072,0.092,-189.8,256.46,0.812
sol,4h,0.90-0.97,5-20% left,27,20,1272.33,1.0,1.0,0.9374,0.065,0.0049,82.76,0.0,0.778
sol,4h,0.90-0.97,>50% left,23,18,1852.26,0.9565,0.9752,0.9217,0.0571,0.0291,105.78,46.27,0.739
sol,4h,0.90-0.97,last 5%,4,4,109.26,1.0,1.0,0.9271,0.0784,0.0118,8.57,0.0,0.75
sol,4h,<0.10,20-50% left,400,124,526.05,0.0575,0.0958,0.055,0.7408,0.7958,389.69,249.66,0.995
sol,4h,<0.10,5-20% left,393,137,363.85,0.0865,0.0718,0.0492,0.4579,0.5076,166.62,76.98,0.98
sol,4h,<0.10,>50% left,65,39,155.62,0.1538,0.1837,0.0632,1.9056,1.3072,296.55,78.43,0.985
sol,4h,<0.10,last 5%,78,38,75.51,0.2179,0.1965,0.0554,2.5498,1.9081,192.53,29.26,1.0
sol,4h,>=0.97,20-50% left,82,47,4613.04,0.9512,0.9808,0.9871,-0.0068,0.016,-31.33,68.6,0.402
sol,4h,>=0.97,5-20% left,145,111,12582.97,1.0,1.0,0.9953,0.0046,0.0006,58.05,0.0,0.331
sol,4h,>=0.97,>50% left,5,4,603.69,1.0,1.0,0.9841,0.0156,0.0056,9.43,0.0,0.4
sol,4h,>=0.97,last 5%,115,102,7999.14,1.0,1.0,0.9979,0.0021,0.0003,16.43,0.0,0.252
sol,5m,0.10-0.30,20-50% left,2940,1463,6565.5,0.1602,0.1704,0.1733,-0.0193,0.0716,-126.79,697.95,0.968
sol,5m,0.10-0.30,5-20% left,762,450,1973.11,0.2388,0.2247,0.17,0.3197,0.1623,630.8,325.11,0.982
sol,5m,0.10-0.30,>50% left,4597,2429,13543.18,0.1923,0.2119,0.1995,0.0609,0.0537,824.21,678.81,0.979
sol,5m,0.10-0.30,last 5%,228,150,727.74,0.4211,0.414,0.1889,1.1921,0.2617,867.51,74.73,1.0
sol,5m,0.30-0.50,20-50% left,389,239,3034.21,0.473,0.4823,0.3866,0.2459,0.1071,746.14,147.01,0.964
sol,5m,0.30-0.50,5-20% left,276,166,1763.76,0.5471,0.5013,0.3911,0.2802,0.1381,494.12,144.43,0.971
sol,5m,0.30-0.50,>50% left,2080,1375,17273.93,0.4173,0.4518,0.3903,0.157,0.0435,2712.61,490.0,0.986
sol,5m,0.30-0.50,last 5%,162,88,1278.7,0.5988,0.5969,0.3963,0.5039,0.1705,644.38,135.93,0.994
sol,5m,0.50-0.70,20-50% left,313,205,4157.93,0.5495,0.5859,0.5964,-0.0209,0.0826,-86.76,361.18,0.891
sol,5m,0.50-0.70,5-20% left,197,134,2400.04,0.7107,0.7002,0.6111,0.1439,0.0938,345.35,203.76,0.954
sol,5m,0.50-0.70,>50% left,1247,833,16090.14,0.6287,0.6616,0.5993,0.1024,0.0353,1648.32,420.31,0.95
sol,5m,0.50-0.70,last 5%,114,81,1453.48,0.7368,0.7141,0.6061,0.1765,0.104,256.52,64.02,0.982
sol,5m,0.70-0.90,20-50% left,678,505,14518.97,0.8717,0.896,0.8175,0.0951,0.0199,1380.46,178.17,0.937
sol,5m,0.70-0.90,5-20% left,477,347,8490.62,0.8868,0.87,0.8172,0.0637,0.0346,541.25,162.26,0.95
sol,5m,0.70-0.90,>50% left,2317,1222,36967.03,0.8097,0.8175,0.8002,0.0212,0.0181,782.1,371.77,0.976
sol,5m,0.70-0.90,last 5%,189,129,3918.72,0.9101,0.8774,0.8196,0.0697,0.0581,273.09,175.43,0.963
sol,5m,0.90-0.97,20-50% left,321,268,9398.37,0.9252,0.9496,0.9261,0.0252,0.0158,236.98,93.12,0.941
sol,5m,0.90-0.97,5-20% left,380,301,9980.85,0.9895,0.9958,0.9317,0.0687,0.0036,685.94,26.57,0.968
sol,5m,0.90-0.97,>50% left,289,223,7032.93,0.9481,0.9372,0.917,0.022,0.0238,154.72,151.3,0.969
sol,5m,0.90-0.97,last 5%,225,170,7040.85,0.9556,0.9524,0.9366,0.0168,0.0216,118.1,109.04,0.982
sol,5m,<0.10,20-50% left,1847,996,1308.54,0.0742,0.0885,0.0599,0.4759,0.2416,622.7,157.9,0.99
sol,5m,<0.10,5-20% left,869,485,666.87,0.0955,0.0908,0.0526,0.7252,0.3248,483.59,93.69,0.985
sol,5m,<0.10,>50% left,851,448,830.41,0.0611,0.0834,0.0628,0.3265,0.3285,271.16,146.0,0.981
sol,5m,<0.10,last 5%,166,99,138.92,0.1145,0.1284,0.0578,1.2209,0.8484,169.61,40.43,0.988
sol,5m,>=0.97,20-50% left,32,29,1000.8,1.0,1.0,0.9738,0.0269,0.0012,26.89,0.0,0.938
sol,5m,>=0.97,5-20% left,31,27,917.89,1.0,1.0,0.9759,0.0243,0.0014,22.35,0.0,0.774
sol,5m,>=0.97,>50% left,10,9,286.83,1.0,1.0,0.9702,0.0303,0.0003,8.7,0.0,0.8
sol,5m,>=0.97,last 5%,40,35,1188.11,0.975,0.959,0.9732,-0.0149,0.0417,-17.66,48.6,0.825
xrp,15m,0.10-0.30,20-50% left,789,459,1366.45,0.2319,0.2173,0.1594,0.3568,0.1476,487.48,63.31,0.937
xrp,15m,0.10-0.30,5-20% left,236,140,509.69,0.2415,0.2539,0.1911,0.3092,0.2227,157.59,46.29,0.822
xrp,15m,0.10-0.30,>50% left,1429,806,2668.35,0.2225,0.213,0.1806,0.1762,0.1001,470.18,187.76,0.966
xrp,15m,0.10-0.30,last 5%,47,18,56.42,0.5957,0.4955,0.1923,1.576,0.735,88.92,15.55,1.0
xrp,15m,0.30-0.50,20-50% left,225,108,1006.06,0.4133,0.3725,0.3722,-0.0131,0.1439,-13.15,126.68,0.769
xrp,15m,0.30-0.50,5-20% left,120,56,493.6,0.2833,0.3172,0.3849,-0.1841,0.1938,-90.89,116.46,0.842
xrp,15m,0.30-0.50,>50% left,528,326,3191.76,0.4413,0.4583,0.4064,0.1236,0.0719,394.48,209.39,0.902
xrp,15m,0.30-0.50,last 5%,16,12,61.5,0.625,0.6027,0.3675,0.64,0.6603,39.36,28.85,1.0
xrp,15m,0.50-0.70,20-50% left,120,58,890.34,0.675,0.6544,0.5937,0.0987,0.1253,87.84,89.82,0.917
xrp,15m,0.50-0.70,5-20% left,45,24,354.2,0.5778,0.6633,0.5672,0.1653,0.1951,58.56,50.48,0.911
xrp,15m,0.50-0.70,>50% left,188,112,1650.02,0.6117,0.6306,0.5811,0.079,0.0931,130.4,189.03,0.761
xrp,15m,0.50-0.70,last 5%,19,12,126.11,0.5789,0.6249,0.5953,0.0497,0.2571,6.26,29.63,1.0
xrp,15m,0.70-0.90,20-50% left,94,68,1220.22,0.8511,0.8605,0.809,0.0625,0.0647,76.27,44.77,0.883
xrp,15m,0.70-0.90,5-20% left,33,28,439.92,0.8788,0.8977,0.8041,0.1153,0.0728,50.74,32.4,0.909
xrp,15m,0.70-0.90,>50% left,364,182,4067.65,0.8187,0.825,0.8172,0.0081,0.0412,33.07,202.07,0.898
xrp,15m,0.70-0.90,last 5%,18,16,217.35,1.0,1.0,0.8086,0.2361,0.026,51.31,0.0,0.944
xrp,15m,0.90-0.97,20-50% left,128,95,2261.05,0.9922,0.9979,0.9345,0.0673,0.0037,152.06,4.73,0.852
xrp,15m,0.90-0.97,5-20% left,51,39,727.79,1.0,1.0,0.9402,0.0632,0.0031,46.0,0.0,0.843
xrp,15m,0.90-0.97,>50% left,116,84,1730.43,0.9397,0.9529,0.9258,0.0288,0.0271,49.84,65.37,0.888
xrp,15m,0.90-0.97,last 5%,26,23,791.81,0.9615,0.9644,0.938,0.0268,0.0362,21.26,28.2,0.846
xrp,15m,<0.10,20-50% left,540,376,408.97,0.0796,0.0662,0.0634,0.0429,0.2366,17.56,84.83,0.97
xrp,15m,<0.10,5-20% left,150,116,103.4,0.1,0.0808,0.0586,0.3724,0.5053,38.5,24.25,0.96
xrp,15m,<0.10,>50% left,441,284,430.93,0.0454,0.0529,0.0649,-0.1859,0.2394,-80.1,110.65,0.989
xrp,15m,<0.10,last 5%,25,18,16.64,0.04,0.018,0.0597,-0.6995,0.3167,-11.64,13.55,1.0
xrp,15m,>=0.97,20-50% left,141,126,3563.39,0.9929,0.9929,0.9893,0.0032,0.0071,11.41,24.89,0.255
xrp,15m,>=0.97,5-20% left,300,278,6304.53,1.0,1.0,0.9932,0.0065,0.0005,41.15,0.0,0.2
xrp,15m,>=0.97,>50% left,22,19,562.3,1.0,1.0,0.986,0.0134,0.0024,7.52,0.0,0.091
xrp,15m,>=0.97,last 5%,236,214,4842.51,0.9831,0.9853,0.9945,-0.0095,0.0091,-46.15,55.04,0.148
xrp,1d,0.10-0.30,20-50% left,111,45,606.68,0.0811,0.0993,0.1956,-0.4955,0.3504,-300.59,465.44,0.892
xrp,1d,0.10-0.30,5-20% left,154,46,1061.13,0.1364,0.1374,0.1935,-0.2932,0.2658,-311.12,362.29,0.851
xrp,1d,0.10-0.30,>50% left,201,60,1588.94,0.1642,0.1595,0.229,-0.3079,0.2747,-489.29,774.48,0.955
xrp,1d,0.10-0.30,last 5%,33,17,237.99,0.1515,0.1411,0.1769,-0.2304,0.4817,-54.83,110.26,0.515
xrp,1d,0.30-0.50,20-50% left,96,33,633.16,0.1875,0.1392,0.3755,-0.6338,0.1808,-401.29,425.86,0.854
xrp,1d,0.30-0.50,5-20% left,66,26,431.23,0.4091,0.4945,0.3829,0.2755,0.364,118.79,137.77,0.697
xrp,1d,0.30-0.50,>50% left,444,80,3542.34,0.3986,0.4078,0.3845,0.056,0.1459,198.21,543.68,0.899
xrp,1d,0.30-0.50,last 5%,27,12,339.47,0.2593,0.2814,0.374,-0.2596,0.2642,-88.13,134.34,0.667
xrp,1d,0.50-0.70,20-50% left,103,35,1467.59,0.767,0.7815,0.5982,0.2964,0.1661,435.05,146.6,0.816
xrp,1d,0.50-0.70,5-20% left,78,26,2034.47,0.5769,0.6127,0.6016,0.0093,0.1542,18.92,304.18,0.756
xrp,1d,0.50-0.70,>50% left,215,67,2426.12,0.5767,0.5417,0.6067,-0.1149,0.161,-278.87,464.34,0.814
xrp,1d,0.50-0.70,last 5%,15,9,271.69,0.8,0.7954,0.5607,0.4177,0.2746,113.49,25.0,0.867
xrp,1d,0.70-0.90,20-50% left,144,56,3558.43,0.8403,0.8764,0.8032,0.0901,0.0621,320.73,133.57,0.951
xrp,1d,0.70-0.90,5-20% left,144,53,4853.99,0.7083,0.7138,0.7952,-0.1044,0.0988,-506.84,562.54,0.938
xrp,1d,0.70-0.90,>50% left,113,40,3805.89,0.9115,0.9252,0.7647,0.2029,0.07,772.11,160.99,0.761
xrp,1d,0.70-0.90,last 5%,19,10,713.33,1.0,1.0,0.8458,0.1807,0.0159,128.88,0.0,0.947
xrp,1d,0.90-0.97,20-50% left,78,34,3079.53,0.9615,0.9694,0.9328,0.0385,0.0324,118.46,92.27,0.936
xrp,1d,0.90-0.97,5-20% left,92,46,3680.54,0.9891,0.9882,0.9323,0.0591,0.0138,217.46,44.38,0.837
xrp,1d,0.90-0.97,>50% left,13,10,744.85,0.9231,0.8753,0.9269,-0.059,0.1306,-43.92,90.48,0.462
xrp,1d,0.90-0.97,last 5%,29,18,1069.42,0.8966,0.8839,0.9317,-0.0515,0.0921,-55.11,93.6,0.828
xrp,1d,<0.10,20-50% left,54,17,65.58,0.037,0.0571,0.0602,-0.0596,0.9912,-3.91,59.18,0.926
xrp,1d,<0.10,5-20% left,60,23,188.06,0.05,0.0512,0.0638,-0.2024,0.7722,-38.06,167.38,0.85
xrp,1d,<0.10,>50% left,13,3,13.98,0.0,0.0,0.0654,-1.0,0.0,-13.98,13.98,1.0
xrp,1d,<0.10,last 5%,86,28,111.55,0.0233,0.0134,0.0464,-0.7131,0.2256,-79.55,82.5,0.907
xrp,1d,>=0.97,20-50% left,9,9,676.9,1.0,1.0,0.9784,0.0221,0.0019,14.94,0.0,0.889
xrp,1d,>=0.97,5-20% left,36,18,1923.7,1.0,1.0,0.9828,0.0172,0.002,33.08,0.0,0.583
xrp,1d,>=0.97,>50% left,4,1,145.04,1.0,1.0,0.9849,0.0147,,2.14,0.0,0.25
xrp,1d,>=0.97,last 5%,32,21,1796.92,1.0,1.0,0.9872,0.0125,0.0021,22.48,0.0,0.281
xrp,1h,0.10-0.30,20-50% left,609,320,2250.89,0.1461,0.1433,0.1765,-0.1961,0.1305,-441.46,441.46,0.818
xrp,1h,0.10-0.30,5-20% left,264,169,770.51,0.1705,0.1859,0.1683,0.0975,0.2559,75.12,169.24,0.841
xrp,1h,0.10-0.30,>50% left,977,436,4092.79,0.216,0.2174,0.1854,0.1671,0.1394,683.9,367.32,0.881
xrp,1h,0.10-0.30,last 5%,50,41,201.58,0.22,0.2833,0.1774,0.5872,0.5405,118.37,58.41,0.86
xrp,1h,0.30-0.50,20-50% left,134,76,808.78,0.3731,0.4044,0.3675,0.0883,0.2183,71.41,115.51,0.582
xrp,1h,0.30-0.50,5-20% left,67,41,582.43,0.3582,0.4235,0.3833,0.0956,0.2256,55.69,134.61,0.672
xrp,1h,0.30-0.50,>50% left,783,432,6093.13,0.3908,0.363,0.4107,-0.1203,0.0652,-733.31,1075.24,0.803
xrp,1h,0.30-0.50,last 5%,19,17,122.23,0.6842,0.8332,0.3834,1.1672,0.2419,142.66,7.97,0.895
xrp,1h,0.50-0.70,20-50% left,78,49,753.25,0.7308,0.7775,0.6038,0.2768,0.123,208.54,34.5,0.41
xrp,1h,0.50-0.70,5-20% left,26,18,320.6,0.4615,0.5906,0.6308,-0.0674,0.2364,-21.61,104.59,0.538
xrp,1h,0.50-0.70,>50% left,235,131,3271.17,0.6681,0.6868,0.6028,0.1326,0.0832,433.82,147.11,0.643
xrp,1h,0.50-0.70,last 5%,12,9,140.09,1.0,1.0,0.6356,0.5724,0.0317,80.19,0.0,0.917
xrp,1h,0.70-0.90,20-50% left,137,104,2524.79,0.9124,0.914,0.8198,0.1132,0.0378,285.82,80.68,0.723
xrp,1h,0.70-0.90,5-20% left,58,44,818.9,0.8793,0.8602,0.8218,0.0447,0.0865,36.57,84.52,0.828
xrp,1h,0.70-0.90,>50% left,295,160,6480.59,0.7797,0.7868,0.7873,-0.0029,0.0557,-18.68,303.57,0.719
xrp,1h,0.70-0.90,last 5%,23,13,499.37,1.0,1.0,0.8604,0.1622,0.0118,80.97,0.0,0.957
xrp,1h,0.90-0.97,20-50% left,124,84,3259.64,0.9597,0.9558,0.9391,0.0161,0.0352,52.44,131.57,0.5
xrp,1h,0.90-0.97,5-20% left,45,39,1008.41,1.0,1.0,0.941,0.062,0.0048,62.56,0.0,0.733
xrp,1h,0.90-0.97,>50% left,86,42,2034.6,0.9535,0.9663,0.9341,0.0321,0.0223,65.3,28.36,0.419
xrp,1h,0.90-0.97,last 5%,10,10,163.25,1.0,1.0,0.9467,0.0561,0.0104,9.16,0.0,0.8
xrp,1h,<0.10,20-50% left,425,241,588.57,0.0424,0.054,0.052,0.0347,0.4075,20.42,289.41,0.92
xrp,1h,<0.10,5-20% left,440,206,428.08,0.0545,0.0615,0.051,0.2022,0.3912,86.57,98.66,0.95
xrp,1h,<0.10,>50% left,375,169,590.5,0.072,0.0954,0.0599,0.5895,0.5526,348.11,215.41,0.976
xrp,1h,<0.10,last 5%,64,47,63.95,0.0469,0.059,0.055,0.0704,0.7976,4.51,35.41,0.969
xrp,1h,>=0.97,20-50% left,117,82,5831.54,1.0,1.0,0.9879,0.0117,0.0013,68.31,0.0,0.299
xrp,1h,>=0.97,5-20% left,81,64,3580.83,0.9877,0.9972,0.9914,0.0055,0.003,19.85,9.73,0.37
xrp,1h,>=0.97,>50% left,16,12,600.49,1.0,1.0,0.9833,0.0159,0.0032,9.55,0.0,0.062
xrp,1h,>=0.97,last 5%,61,52,2036.41,1.0,1.0,0.9936,0.0062,0.0013,12.67,0.0,0.328
xrp,4h,0.10-0.30,20-50% left,392,212,2310.19,0.1888,0.1739,0.1833,-0.0531,0.1695,-122.59,458.8,0.954
xrp,4h,0.10-0.30,5-20% left,239,141,953.71,0.0921,0.0915,0.1629,-0.4412,0.1586,-420.79,499.79,0.937
xrp,4h,0.10-0.30,>50% left,562,254,4061.84,0.1868,0.1574,0.2019,-0.2236,0.1588,-908.29,1654.63,0.961
xrp,4h,0.10-0.30,last 5%,61,36,259.06,0.377,0.2946,0.1714,0.7122,0.5674,184.52,60.86,0.934
xrp,4h,0.30-0.50,20-50% left,142,74,1720.83,0.4085,0.3968,0.3869,0.0175,0.1399,30.16,224.3,0.782
xrp,4h,0.30-0.50,5-20% left,57,36,636.49,0.4386,0.3187,0.3833,-0.1737,0.29,-110.56,168.24,0.772
xrp,4h,0.30-0.50,>50% left,527,238,3738.55,0.4156,0.3897,0.3932,-0.0136,0.0923,-50.71,359.98,0.907
xrp,4h,0.30-0.50,last 5%,26,14,398.75,0.4231,0.3788,0.3677,0.0205,0.2976,8.19,167.81,0.731
xrp,4h,0.50-0.70,20-50% left,78,58,1259.81,0.6923,0.6492,0.5954,0.0857,0.1542,108.0,144.96,0.769
xrp,4h,0.50-0.70,5-20% left,31,25,499.15,0.7097,0.5252,0.5887,-0.1102,0.2857,-54.99,119.26,0.742
xrp,4h,0.50-0.70,>50% left,278,142,3112.91,0.6511,0.6241,0.6002,0.0331,0.0711,102.98,155.2,0.737
xrp,4h,0.50-0.70,last 5%,9,9,245.76,0.7778,0.7945,0.6338,0.2534,0.2865,62.29,33.24,0.889
xrp,4h,0.70-0.90,20-50% left,155,100,4010.39,0.9161,0.9378,0.8148,0.1475,0.0327,591.43,64.73,0.729
xrp,4h,0.70-0.90,5-20% left,47,36,743.47,0.8085,0.7672,0.821,-0.0682,0.1179,-50.68,104.19,0.66
xrp,4h,0.70-0.90,>50% left,258,133,6723.61,0.7907,0.8164,0.7817,0.0423,0.0652,284.61,359.52,0.775
xrp,4h,0.70-0.90,last 5%,8,8,145.87,0.875,0.9989,0.822,0.2091,0.0116,30.5,0.15,0.375
xrp,4h,0.90-0.97,20-50% left,149,96,5097.0,0.8926,0.959,0.9398,0.0192,0.0211,97.92,114.9,0.691
xrp,4h,0.90-0.97,5-20% left,51,42,1448.33,0.9804,0.9677,0.9354,0.0339,0.0345,49.05,46.5,0.706
xrp,4h,0.90-0.97,>50% left,60,39,1901.27,0.9667,0.946,0.9263,0.0194,0.0406,36.89,72.83,0.617
xrp,4h,0.90-0.97,last 5%,21,19,587.0,0.9524,0.992,0.9403,0.0525,0.0097,30.79,4.77,0.524
xrp,4h,<0.10,20-50% left,446,128,513.29,0.0897,0.0834,0.0508,0.639,0.7909,328.01,185.77,0.982
xrp,4h,<0.10,5-20% left,483,142,425.84,0.0248,0.0212,0.0497,-0.5738,0.3391,-244.37,296.07,0.992
xrp,4h,<0.10,>50% left,71,52,176.19,0.0845,0.0572,0.064,-0.1083,0.6106,-19.08,152.77,0.972
xrp,4h,<0.10,last 5%,122,52,119.16,0.0574,0.07,0.0457,0.5294,0.7752,63.08,64.46,0.967
xrp,4h,>=0.97,20-50% left,97,65,5456.57,0.9588,0.9803,0.985,-0.0053,0.0126,-28.95,82.26,0.351
xrp,4h,>=0.97,5-20% left,150,108,8553.48,0.98,0.976,0.9916,-0.0161,0.0175,-137.87,163.92,0.293
xrp,4h,>=0.97,>50% left,16,11,1045.94,1.0,1.0,0.9841,0.0156,0.0035,16.36,0.0,0.312
xrp,4h,>=0.97,last 5%,126,101,6424.44,1.0,1.0,0.9948,0.0051,0.0009,32.63,0.0,0.238
xrp,5m,0.10-0.30,20-50% left,219,164,611.97,0.242,0.306,0.1952,0.562,0.2435,343.92,46.78,0.936
xrp,5m,0.10-0.30,5-20% left,207,154,417.29,0.4155,0.3729,0.1821,1.046,0.2598,436.5,35.01,0.99
xrp,5m,0.10-0.30,>50% left,361,262,905.89,0.2825,0.2842,0.2005,0.4124,0.201,373.61,100.61,0.956
xrp,5m,0.10-0.30,last 5%,74,48,138.09,0.5811,0.6422,0.1947,2.2979,0.404,317.32,10.97,1.0
xrp,5m,0.30-0.50,20-50% left,166,107,848.95,0.494,0.5658,0.3974,0.4225,0.1633,358.67,70.86,0.976
xrp,5m,0.30-0.50,5-20% left,102,85,426.83,0.6176,0.6983,0.3796,0.8396,0.1917,358.37,48.53,0.99
xrp,5m,0.30-0.50,>50% left,394,314,2036.81,0.5127,0.4679,0.4005,0.1677,0.1046,341.67,183.91,0.97
xrp,5m,0.30-0.50,last 5%,44,37,258.92,0.75,0.6924,0.3937,0.7564,0.2682,195.85,28.45,0.955
xrp,5m,0.50-0.70,20-50% left,122,99,1076.78,0.7541,0.841,0.5987,0.4035,0.0842,434.5,30.91,0.951
xrp,5m,0.50-0.70,5-20% left,96,80,693.66,0.8438,0.8393,0.5973,0.4047,0.0917,280.72,24.23,0.99
xrp,5m,0.50-0.70,>50% left,463,346,3874.65,0.6782,0.6695,0.5982,0.1182,0.054,457.83,73.52,0.961
xrp,5m,0.50-0.70,last 5%,36,23,359.53,0.6667,0.6068,0.5956,0.0188,0.2558,6.74,64.24,1.0
xrp,5m,0.70-0.90,20-50% left,244,196,2548.95,0.8811,0.8712,0.8105,0.0745,0.0466,189.79,70.38,0.975
xrp,5m,0.70-0.90,5-20% left,227,175,2891.22,0.9031,0.873,0.8255,0.0573,0.0433,165.59,103.54,0.974
xrp,5m,0.70-0.90,>50% left,597,397,5463.12,0.861,0.8447,0.8033,0.0513,0.031,280.01,161.83,0.973
xrp,5m,0.70-0.90,last 5%,84,60,1332.39,0.9405,0.8947,0.8046,0.1119,0.066,149.09,62.39,0.988
xrp,5m,0.90-0.97,20-50% left,205,163,3099.99,0.9805,0.9828,0.9316,0.0547,0.0115,169.58,23.5,0.951
xrp,5m,0.90-0.97,5-20% left,232,157,2889.7,0.9784,0.9818,0.9343,0.0508,0.0173,146.93,46.5,0.991
xrp,5m,0.90-0.97,>50% left,150,109,2045.58,0.94,0.9528,0.9218,0.0335,0.0271,68.44,59.16,0.967
xrp,5m,0.90-0.97,last 5%,124,97,2800.64,0.9516,0.9075,0.9418,-0.0366,0.0447,-102.62,169.76,0.919
xrp,5m,<0.10,20-50% left,126,88,101.85,0.0794,0.1306,0.0568,1.2978,0.9284,132.18,64.35,0.992
xrp,5m,<0.10,5-20% left,99,79,73.03,0.0909,0.1361,0.062,1.1939,0.9719,87.18,30.3,0.96
xrp,5m,<0.10,>50% left,117,99,108.72,0.1197,0.0982,0.0624,0.5689,0.6202,61.85,39.42,0.966
xrp,5m,<0.10,last 5%,18,12,6.93,0.2222,0.2223,0.0522,3.262,2.4855,22.59,2.44,1.0
xrp,5m,>=0.97,20-50% left,14,14,315.53,1.0,1.0,0.9833,0.0165,0.0041,5.2,0.0,0.571
xrp,5m,>=0.97,5-20% left,28,24,510.12,1.0,1.0,0.9814,0.0186,0.0025,9.51,0.0,0.607
xrp,5m,>=0.97,>50% left,4,3,87.9,1.0,1.0,0.9767,0.0239,0.007,2.1,0.0,1.0
xrp,5m,>=0.97,last 5%,36,34,908.99,1.0,1.0,0.9783,0.0219,0.002,19.92,0.0,0.639
